Номер детали;Наименование;Дубл.;Ед. Измерения;Цена;Остаток
БББ;Багажник Беларусь большой;;шт;14500;2
ББМ;Багажник Беларусь маленький;;шт;8000;2
багажник-213;Багажник ВАЗ 21213, ГАЗ (реечный);;шт;4000;4
99999217037182;Багажник ВАЗ 2171 универсал (аллюминевая дуга);;кт;7500;1
99999901127182;Багажник ВАЗ Ларгус (алюминиевая дуга 20х30);;кт;15000;0
99999901227182-00;Багажник ВАЗ Ларгус (алюминиевая дуга 20х30) под реллинги;;кт;15000;1
багажник;Багажник ВАЗ-1118-2190 (реечный);;кт;5000;3
1118-280414200;Балка бампера 1118 задн пластик (усилитель);;шт;3000;0
1118-2803132-70;Балка бампера 1118 пер пластик (усилитель);;шт;4500;0
2108-2803132-20;Балка бампера 2108 (железная);;шт;1000;0
2113-2804142;Балка бампера 2114 задн.;;шт;3500;1
2113-2803131;Балка бампера 2114 пер.;;шт;3000;3
2115-2804142-00;Балка бампера 2115 задн жел;;шт;1400;1
2113-2803132-20;Балка бампера 2115 пер жел;;шт;1400;1
2170-2804142-00;Балка бампера 2170 задн;;шт;4000;0
2170-2803132;Балка бампера 2170 пер;;шт;3000;0
21704-2804142;Балка бампера 21704 задн 2014;;шт;3000;0
21704-2803132-00;Балка бампера 21704 пер;;шт;3000;0
2171-2804142-00;Балка бампера 2171 задн;;шт;7000;0
2172-2804142-00;Балка бампера 2172 задн;;шт;4000;0
21724-2804142;Балка бампера 21724 задн 2014;;шт;4000;0
2190-2803131-00;Балка бампера 2190 пер жел;;шт;2200;3
6001551322;Балка бампера Ларгус-Api пер;;шт;10000;0
1118-2904400-87;Балка передняя 1118 АвтоВаз СПОРТ;;шт;8500;0
2108-2904400-87;Балка передняя 2108 АвтоВаз СПОРТ;;шт;8500;0
2110-2904400-87;Балка передняя 2110 АвтоВаз СПОРТ;;шт;7500;0
2105-2804015;Бампер 05 в сборе зад;;шт;4500;1
2105-2803015-01;Бампер 05 в сборе перед;;шт;4500;2
2106-2804012-10;Бампер 06 зад голый;;шт;4400;2
2106-2803012-10;Бампер 06 перед голый;;шт;4400;2
2110-2804015-42;Бампер 2110 зад;;шт;6000;1
2110-2804015-01;Бампер 2110 зад ЗАВОД;;шт;10500;0
2110-2803015-42;Бампер 2110 перед;;шт;7500;0
2110-2803015-01;Бампер 2110 перед Завод;;шт;9000;0
2113-2804015-02;Бампер 2114 зад;;шт;10500;1
2115-2804015-32;Бампер 2115 зад;;шт;10000;1
2121-2803132;Бампер 213 в сборе перед;;шт;6800;2
2121-2803015;Бампер 213 зад в сборе;;шт;6800;2
1117-2804015-01;Бампер задний 1117;;шт;12500;0
1118-2804015;Бампер задний 1118;;шт;9500;0
1119-2804015;Бампер задний 1119;;шт;9500;0
2107-2804015-10;Бампер задний 2107;;шт;2300;4
2108-2804015;бампер задний 2108;;шт;7500;0
21099-2804015;бампер задний 21099;;шт;8500;0
2170-2804015-01;Бампер задний 2170;;шт;9000;1
21704-2804015-01;Бампер задний 2170 2013 год;;шт;12500;1
2171-2804015-01;Бампер задний 2171;;шт;9000;1
2172-2804015-01;Бампер задний 2172;;шт;9000;1
21724-2804015-01;Бампер задний 2172 2013 год;;шт;13000;1
2190-2804015-11;Бампер задний 2190 под покраску;;шт;10500;1
2191-2804015-11;Бампер задний 2191 Лифтбэк;;шт;10000;0
1118-2803015-72;Бампер Калина перед;;шт;10000;0
2190-2804015-00;Бампер Калина-2 задн 2192 без парктроников;;шт;12000;1
2194-2804015-01;Бампер Калина-2 задн 2194 без парктроников;;шт;12000;1
2192-2803015-01;Бампер Калина-2 пер 2192;;шт;12000;1
8450000257;Бампер Ларгус задний не под окрас;;шт;9000;1
8450000256;Бампер Ларгус задний под окрас;;шт;9000;0
8450000244-00;Бампер Ларгус пер не под окрас;;шт;12000;0
8450000244;Бампер Ларгус пер под окрас;;шт;13500;0
2107-2803015-10;Бампер передний 2107;;шт;2300;8
2108-2803015;бампер передний 2108;;шт;8500;0
2113-2803015-02;Бампер передний 2114 голый;;шт;10500;0
2113-2803015-12;Бампер передний 2115 (под противотуманки);;шт;10500;3
2170-2803015-01;Бампер передний 2170;;шт;10000;0
21704-2803015-10;Бампер передний 2170 (под противотуманки);;шт;10000;2
2190-2803015-11;бампер передний 2190 под покраску;;шт;10500;3
2191-2803015-01;Бампер перений 2191 Лифтбэк;;шт;10500;1
2123-2803015н/об;Бампер Шеви пер н/об;;шт;24000;0
2123-2803015;Бампер Шеви перед ст/об;;шт;13000;1
бар-кор;Бар Лада коричневый;;шт;2500;1
бар-чербел;Бар Лада черно-белый;;шт;2500;0
бар-чер;Бар Лада черный;;шт;2500;0
2106-6102033;батоны 2106;;кт;1200;0
2101-1101005-00;Бензобак 2101-2107 в сборе карб;;шт;12000;1
21213-1101010-30;Бензобак 21213 в сборе карб;;шт;23500;1
21214-1101011-21;Бензобак 21214 гол;;шт;26000;0
2107-2803038-БЕЛЕ;Болт бампера хром 2107 ДЛИНН.;;шт;100;0
2107-2804146-БЕЛЕ;Болт бампера хром 2107 КОРОТК.;;шт;100;0
болт_о;Болт двери бесшумный 2108-21099 (оригинал);;кт;400;5
2170-6105228-20;Болт двери бесшумный 2170;;кт;500;3
1118-8403261-99;Брызговик переднего крыла 1118-2190 в сборе левый АвтоВАЗ;;шт;36000;1
1118-8403250-99;Брызговик переднего крыла 1118-2190 в сборе правый АвтоВАЗ;;шт;36000;1
1118-8403265-99;Брызговик переднего крыла 1118-2190 гол левый АвтоВАЗ;;шт;8000;0
1118-8403264-99;Брызговик переднего крыла 1118-2190 гол правый АвтоВАЗ;;шт;8000;0
2105-5301041;Брызговик переднего крыла 2105 лев;;шт;8300;0
2105-5301040;Брызговик переднего крыла 2105 пр.;;шт;8300;0
2108-8403261-00;Брызговик переднего крыла 2108 АвтоВаз в сборе лев;;шт;30000;1
2108-8403260;Брызговик переднего крыла 2108 АвтоВаз в сборе пр;;шт;26000;1
2110-8403261-60;Брызговик переднего крыла 2110 АвтоВАЗ в сборе левый;;шт;14000;1
2110-8403260-60;Брызговик переднего крыла 2110 АвтоВАЗ в сборе правый;;шт;14000;0
2123-8403263-00;Брызговик переднего крыла 2123 АвтоВаз в сборе левый;;шт;7000;0
2123-8403262-00;Брызговик переднего крыла 2123 АвтоВаз в сборе правый;;шт;7000;0
21214-8403261-10;Брызговик переднего крыла 214 лев;;шт;14000;2
21214-8403260-10;Брызговик переднего крыла 214 пр.;;шт;14000;1
1118-8404310/11;"Брызговичок задний 1118 ""Калина""";;кт;2000;0
2101-8404412;Брызговичок задний 2101 с крепл.;;кт;400;2
2108-8404412-13;Брызговичок задний 2108 с крепл.;;кт;500;4
2110-8404412-10;Брызговичок задний 2110;;кт;600;0
2115-8404412;Брызговичок задний 2115;;кт;600;1
2121-8404412;Брызговичок задний 2121;;кт;600;4
2123-8404412-13;Брызговичок задний 2123;;кт;1500;0
2170-8404412/13;Брызговичок задний 2170;;кт;1200;1
2172-8404412/13;Брызговичок задний 2172;;кт;1200;1
2190-8404412/13;Брызговичок задний 2190;;кт;1500;1
2192-8404413/12;Брызговичок задний 2192;;кт;1000;1
99999901021382;Брызговичок задний Ларгус Рено;;кт;2000;2
1118-8403510/11;"Брызговичок передний 1118 ""Калина""";;кт;1200;0
2101-8404312-30;брызговичок передний 2101 без крепления;;кт;600;0
2101-8404312-00;Брызговичок передний 2101 с креплением;;кт;1000;0
2110-8404321;Брызговичок передний 2110;;кт;600;1
2115-8404321;Брызговичок передний 2115;;кт;1100;0
2121-брызговик;Брызговичок передний 2121;;кт;600;4
2123-8403512-13;Брызговичок передний 2123;;кт;1500;1
2170-8415512/13;Брызговичок передний 2170;;кт;1400;1
2190-8405512\13;Брызговичок передний 2190;;кт;1300;1
99999901011382;Брызговичок передний Ларгус Рено;;кт;2000;2
ДЕФ00288;Ветровики стекла АZARD 2111-2171 Универсал накладные;;кт;1800;4
dn-00020;Ветровичок стекла ДЕЛЬТА 1117 накладной;;кт;2000;0
АКС-18;Ветровичок стекла ДЕЛЬТА 1118 накладной;;кт;2000;1
АКС-612;Ветровичок стекла ДЕЛЬТА 2101-2106 (4 шт.) вст;;кт;1800;1
АКС-921;Ветровичок стекла ДЕЛЬТА 2104-2107 накладной;;кт;1800;2
АКС-613;Ветровичок стекла ДЕЛЬТА 2105-2107;;кт;1800;2
АКС-615;Ветровичок стекла ДЕЛЬТА 2108;;кт;1700;1
АКС1;Ветровичок стекла ДЕЛЬТА 2108 накладной;;кт;1700;0
АКС-614;Ветровичок стекла ДЕЛЬТА 2109;;кт;1800;1
АКС-922;Ветровичок стекла ДЕЛЬТА 2109 накладной;;кт;1800;2
АКС-616;Ветровичок стекла ДЕЛЬТА 2110-2170-2172;;кт;1800;1
АКС-923;Ветровичок стекла ДЕЛЬТА 2110-2170-2172 накладные;;кт;1800;0
АКС-617;Ветровичок стекла ДЕЛЬТА 2111-2171 Универсал;;кт;1800;1
АКС-2025;Ветровичок стекла ДЕЛЬТА 2121 накладной;;кт;1800;0
АКС-618;Ветровичок стекла ДЕЛЬТА 21213 (2 шт.);;кт;1800;0
АКС-622;Ветровичок стекла ДЕЛЬТА 2123 Шеви-Нива (4 шт.);;кт;2500;0
АКС-924;Ветровичок стекла ДЕЛЬТА 2123 Шеви-Нива накладные;;кт;2500;0
АКС-31;Ветровичок стекла ДЕЛЬТА 2131 накладной 5ти дверая;;кт;2000;1
АКС-90;Ветровичок стекла ДЕЛЬТА 2190 накладной Гранта;;кт;2000;2
АКС-8;Ветровичок стекла Дельта Ларгус накладной;;кт;2500;0
забор-2121jeep;Воздухозаборник капота 2121 JEEP;;шт;2500;1
забор-2121сер мал;Воздухозаборник капота 2121 мал серебро;;шт;2000;0
забор-2121сер;Воздухозаборник капота 2121 серебро;;шт;2500;1
2121-3101040-00;Гайка колесная 2121;;шт;50;20
АКС-1071;Гайка колесная 2121 хром;;шт;100;0
АВТОСИЛА;Герметик Автосил 180гр серый;;шт;270;4
АВТОСИЛА-65сер;Герметик Автосил 65гр серый;;шт;150;9
АВТОСИЛА-65черн;Герметик Автосил 65гр черный;;шт;150;10
2105-3718010-ДААЗ;Гидрокорректор фар 2105;;кт;1200;1
2108-3718010-ДААЗ;Гидрокорректор фар 2108;;кт;1200;1
2110-3718010-ДААЗ;Гидрокорректор фар 2110;;кт;1200;1
21213-3718010-ДАА;Гидрокорректор фар 21213 - 2123;;кт;1500;0
2190-3718010-00;Гидрокорректор фар 2190;;кт;1500;0
1118-6200015;Дверь 1118-2190 задняя левая в сборе АвтоВАЗ;;шт;29000;1
1118-6200014;Дверь 1118-2190 задняя правая в сборе АвтоВАЗ;;шт;29000;1
1118-6100015-00;Дверь 1118-2190 передняя левая в сборе АвтоВАЗ;;шт;29000;0
1118-6100014-00;Дверь 1118-2190 передняя правая в сборе АвтоВАЗ;;шт;29000;0
2105-6200015;дверь 2105 задняя левая в сборе АвтоВаз;;шт;13000;0
2105-6200014;дверь 2105 задняя правая в сборе АвтоВаз;;шт;11500;0
2105-6100015;Дверь 2105 передняя левая в сборе АвтоВаз;;шт;15500;0
2105-6100014;Дверь 2105 передняя правая в сборе АвтоВаз;;шт;15500;0
2109-6200015;Дверь 2109 задняя левая в сборе АвтоВаз;;шт;20000;1
2109-6200014-00;Дверь 2109 задняя правая в сборе АвтоВаз;;шт;20000;1
2109-6100015-00;дверь 2109 передняя левая в сборе АвтоВаз;;шт;20000;1
2109-6100014-00;Дверь 2109 передняя правая в сборе АвтоВаз;;шт;20000;1
2110-6200015-00;Дверь 2110-2170 задняя левая в сборе АвтоВАЗ;;шт;40000;1
2110-6200014-00;Дверь 2110-2170 задняя правая в сборе АвтоВаз;;шт;40000;1
2110-6100015-00;Дверь 2110-2170 передняя левая в сборе Автоваз;;шт;40000;3
2110-61000140;Дверь 2110-2170 передняя правая в сборе АвтоВаз;;шт;40000;0
2111-6200015-50;Дверь 2111-2171 задняя левая в сборе АвтоВаз;;шт;40000;1
2111-6200014-50;Дверь 2111-2171 задняя правая в сборе АвтоВаз;;шт;40000;1
21213-6100031-00;Дверь 21213 передняя левая в сборе АвтоВаз;;шт;30000;0
21213-6100030-00;Дверь 21213 передняя правая в сборе АвтоВаз;;шт;26000;1
2191-6200015-25;Дверь 2191 задняя левая АвтоВаз;;шт;23500;0
2191-6200014-25;Дверь 2191 задняя правая АвтоВАЗ;;шт;25500;0
2108-6300020;Дверь задка 2108 Ваз;;шт;10000;0
2111-6300020-00;Дверь задка 2111 АвтоВаз;;шт;14000;0
21213-6300014-00;Дверь задка 21213 Ваз;;шт;26000;1
2171-6300020-00;Дверь задка 2171 АвтоВАЗ;;шт;27000;1
2172-6300020-00;Дверь задка 2172 АвтоВаз;;шт;35000;0
2191-6300020-20;Дверь задка 2191;;шт;30000;1
2192-6300020;Дверь задка 2192 АвтоВАЗ;;шт;40000;0
2194-6300020-00;Дверь задка 2194 АвтоВАЗ;;шт;43000;0
901015964r;Дверь задка лев стекло Ларгус;;шт;50000;0
901010231r;Дверь задка лев фургон Ларгус;;шт;68000;0
901005637r;Дверь задка пр стекло Ларгус;;шт;50000;1
901004643r;Дверь задка пр фургон Ларгус;;шт;68000;0
821017307r;Дверь задняя лев стекло Ларгус отв под молдингй;;шт;50000;1
821010763r;Дверь задняя лев фургон Ларгус;;шт;60000;0
821009310r;Дверь задняя пр стекло Ларгус отв под молдинг;;шт;50000;0
821008665r;Дверь задняя пр фургон Ларгус;;шт;60000;0
801013696r;Дверь пер лев Ларгус отв под молдинг;;шт;50000;1
801002133r;Дверь пер пр Ларгус отв под молдинг;;шт;50000;0
2121-3901250-00;Домкрат штатный 2121;;шт;2500;2
2170-3913200;Домкрат штатный 2170;;шт;2000;0
2101-5002090Р;Заглушка кузова 2101 большая;;шт;50;0
2108-5112090Р;Заглушка кузова 2108 большая;;шт;50;0
2108-5112092-01Р;Заглушка кузова 2108 маленькая;;шт;20;0
21214-6102034-00;Заглушка обивки двери 21214;;шт;50;4
2110-8202043-10;Заглушка поручня 2110-2192;;шт;50;0
2105-6205013-00;Замок внутренний задний 2105 ДААЗ лев;;шт;1200;2
2105-6205012-00;Замок внутренний задний 2105 ДААЗ пр;;шт;1200;2
2103-6205013-10;Замок внутренний задний 2106 ДААЗ лев;;шт;1200;1
2103-6205012-10;Замок внутренний задний 2106 ДААЗ пр;;шт;1200;1
2109-6205013-10;Замок внутренний задний 2109 ДААЗ лев.;;шт;900;2
2109-6205012-10;Замок внутренний задний 2109 ДААЗ пр.;;шт;900;2
2170-6205013-00;Замок внутренний задний 2170 ДААЗ лев;;шт;4200;1
2170-6205012-00;Замок внутренний задний 2170 ДААЗ пр;;шт;3000;1
2190-6205013-10;Замок внутренний задний 2190 ДААЗ лев в сборе;;шт;4000;1
2190-6205013-00;Замок внутренний задний 2190 ДААЗ лев гол;;шт;2500;1
2190-6205012-10;Замок внутренний задний 2190 ДААЗ пр в сборе;;шт;4000;1
2190-6205012-00;Замок внутренний задний 2190 ДААЗ пр гол;;шт;2500;1
2105-6105013-10;Замок внутренний передний 2105 ДААЗ лев;;шт;1200;2
2105-6105012-10;Замок внутренний передний 2105 ДААЗ пр.;;шт;1200;2
2103-6105013-11;Замок внутренний передний 2106 ДААЗ левый;;шт;1200;2
2103-6105012-11;Замок внутренний передний 2106 ДААЗ правый;;шт;1200;2
2108-6105013-ДААЗ;Замок внутренний передний 2108 ДААЗ лев.;;шт;900;2
2108-6105012-ДААЗ;Замок внутренний передний 2108 ДААЗ пр.;;шт;900;2
2121-6105013;Замок внутренний передний 2121 ДААЗ левый;;шт;1200;2
2121-6105012;Замок внутренний передний 2121 ДААЗ правый;;шт;1200;2
2170-6105013;Замок внутренний передний 2170 ДААЗ лев;;шт;4500;1
2170-6105012;Замок внутренний передний 2170 ДААЗ пр;;шт;4500;1
2190-6105013-10;Замок внутренний передний 2190 ДААЗ лев в сборе;;шт;4000;1
2190-6105013-00;Замок внутренний передний 2190 ДААЗ лев гол;;шт;2500;1
2190-6105012-10;Замок внутренний передний 2190 ДААЗ пр в сборе;;шт;4000;1
2190-6105012-00;Замок внутренний передний 2190 ДААЗ пр гол;;шт;2500;1
2101-8406010;Замок капота 2101;;шт;400;3
2108-8406010;Замок капота 2108 Рекардо;;шт;1100;2
2110-8406010-00;Замок капота 2110;;шт;700;1
2113-84060;Замок капота 2115 в сб;;шт;800;1
2190-8406010-00;Замок капота 2190;;шт;1100;2
2121-5206054;Замок лобового стекла 2121 хром;;шт;600;2
2121-5206060;Замок лобового стекла 2121 черный;;шт;600;2
2108-6105015/14;Замок наружний 2108 бесшумный;;кт;1200;3
2108-6105015-00;Замок наружний 2108 лев;;шт;500;2
2108-6105014-00;Замок наружний 2108 пр;;шт;500;0
2106-6105014-15;Замок наружный (защелка на дв) 2101-2107;;кт;500;2
2170-6105013-00;Замок наружный (защелка на дв) 2170 бесшумный ДААЗ лев;;шт;800;0
2170-6105014-00;Замок наружный (защелка на дв) 2170 бесшумный ДААЗ пр;;шт;800;2
2170-6105015/14;Замок наружный 2170 бесшумный в сб с болтами;;кт;1600;3
2190-5606010-00;Защелка багажника (ЗАМОК) 2190;;шт;2500;1
2190-5606010-10;Защелка багажника (ЗАМОК) 2190 (10);;шт;3000;0
2103-5605090;Защелка багажника 2103;;шт;250;0
2105-5606010-;Защелка багажника 2105-2107 нижн. фиксатор;;шт;150;2
2105-5606010-00;Защелка багажника 2105-2107 шоколадка;;шт;400;1
2108-5606010;Защелка багажника 2108 крючок;;шт;150;2
21099-5606010;Защелка багажника 21099 нижн фиксатор;;шт;300;1
;Защелка багажника 21099 ст/об петля;;шт;300;1
21213-6305012-01;Защелка багажника 21213 ДААЗ;;шт;700;2
2171-6305010-00;Защелка багажника 2171;;шт;4500;0
2108-6824122;Защелка заднего сидения 2108-21099 Ремкомплект блистер;;шт;200;1
21021-6824100;Защелка сидения 2121;;шт;1200;0
2101-2815047;Защита картера 2101 Начало;;шт;700;0
2108-2815047 Начало;Защита картера 2109 Начало;;шт;2500;0
2110-2815100;Защита картера 2110 Начало;;шт;3000;1
99999212111182;Защита картера 2121 АвтоВАЗ бол;;шт;6500;0
2121-2815047;Защита картера 2121 Шатл мал;;шт;1700;0
99999217001182;Защита картера 2170 АвтоВАЗ;;шт;5000;0
99999219021182;Защита картера 2190 АвтоВАЗ КПП автомат;;шт;6000;0
99999219001181;Защита картера 2190 АвтоВАЗ КПП механика;;шт;3500;1
99999901031181;Защита картера Ларгус АвтоВАЗ 16кл;;шт;5500;1
99999901011182;Защита картера Ларгус АвтоВАЗ 8кл;;шт;7500;1
99999219004100;Защита радиатора 2190 АвтоВАЗ;;шт;4200;0
99999219204101;Защита радиатора 2192 АвтоВАЗ 1часть;;шт;4500;0
99999219204102;Защита радиатора 2192 АвтоВАЗ 2часть;;шт;5500;0
1118C;"Защита фар ""ДЕЛЬТА"" 1118";;кт;3000;0
2104_2105-зф;"Защита фар ""ДЕЛЬТА"" 2104, 2105, 2107";;кт;1700;1
2106-зф;"Защита фар ""ДЕЛЬТА"" 2106";;кт;1700;1
2108-21099-cobra_;"Защита фар ""ДЕЛЬТА"" 2109";;кт;1700;1
2121-21213_з;"Защита фар ""ДЕЛЬТА"" 21213";;кт;1700;1
2170 акс защита;"Защита фар ""ДЕЛЬТА"" 2170                                                             ";;кт;3000;0
2115-5605021-00;Звено петли багажника 2115 АвтоВаз лев, пр;;кт;1200;0
2110-8407013-00;Звено петли капота 2110 верх. часть;;кт;1000;0
2105-8201006;Зеркала 07 левое;;шт;600;0
2105-8201056;Зеркало 07 левое в сборе;;шт;800;1
2105-8201006-02;Зеркало 07 правое;;шт;600;0
2105-8201055;Зеркало 07 правое в сборе;;шт;800;1
21011-8201050-10;Зеркало 2101 Рекардо блистер;;шт;500;4
2108-8201050-51-0;Зеркало 2108 боковое Турция черное;;кт;5600;0
21213-8201020;Зеркало 21213 боковое Лопухи;;кт;3500;0
21213-8201020пов;Зеркало 21213 боковое Лопухи с поворотник;;кт;4000;1
2190-8201019-01;Зеркало 2190 левое механика;;шт;4500;0
2190-8201019;Зеркало 2190 левое электро;;шт;6000;0
2190-8201020-00;Зеркало 2190 правое механика;;шт;4500;1
2190-8201020;Зеркало 2190 правое электро;;шт;6000;0
2191-8201005-20;Зеркало 2191 Лифтбэк левое АвтоКомпонент;;шт;7000;0
2191-8201004-20;Зеркало 2191 Лифтбэк правое АвтоКомпонент;;шт;7000;0
2103-8201008;Зеркало в салон;;шт;500;0
2108-8201008;Зеркало в салон 2108;;шт;700;2
963023520R;Зеркало Ларгус левое электр в сборе;;шт;9500;0
963017247R;Зеркало ларгус правое электр в сборе;;шт;9500;0
2105-8212060;Знак решетки 2105;;шт;100;0
2106-8212060;Знак решетки 2106;;шт;300;0
2107-8212060;Знак решетки 2107;;шт;100;0
2108-8212060;Знак решетки 2108;;шт;100;0
2110-8212064;Знак решетки 2110 (металлический);;шт;300;0
21214-8401216;Знак решетки 21214 н/об;;шт;500;0
2190-8212204;Знак решетки 2190;;шт;1100;0
8450000255;Знак решетки Ларгус;;шт;1500;2
1118-8402010;Капот 1118 АвтоВаз;;шт;19000;0
2103-8402012;Капот 2103 Начало;;шт;11000;1
2105-8402012;Капот 2105 АвтоВаз;;шт;13000;0
2107-8402010;Капот 2107 Начало;;шт;8500;2
21093-8402010;Капот 21093 Н.Челны;;шт;10500;2
2110-8402010;Капот 2110 Н.Челны;;шт;22000;1
2114-8402010 ВАЗ;Капот 2114 АвтоВАЗ;;шт;20000;2
2114-8402010Челны;Капот 2114 Н.Челны;;шт;15000;0
21213-840201200;Капот 21213 АвтоВаз;;шт;35000;1
2123-8402010-00;Капот 2123 АвтоВаз;;шт;45000;0
2170-8402010-01;Капот 2170 АвтоВаз;;шт;37000;0
2170-8402010-00;Капот 2170 Начало;;шт;25000;1
2190-8402010-77;Капот 2190, Калина-2 АвтоВаз;;шт;25000;4
6001546685-10;Капот Ларгус АПИ дубликат;;шт;25000;1
6001546685-00;Капот Ларгус Рено Групп;;шт;43000;0
2111-3716139-00;Катафот заднего бампера 2111 лев;;шт;400;0
2111-3716138-00;Катафот заднего бампера 2111 пр;;шт;400;0
2170-3716139-00;Катафот заднего бампера 2170 ДААЗ лев;;шт;400;1
2170-3716138-00;Катафот заднего бампера 2170 ДААЗ пр;;шт;400;1
1119-3716144-1;Катафот заднего бампера 2171 ДААЗ лев;;шт;600;1
1119-3716144;Катафот заднего бампера 2171 ДААЗ пр;;шт;600;2
2172-3716139,38;Катафот заднего бампера 2172 ДААЗ лев+пр н/об с 2013;;кт;800;2
2192-3716139-00;Катафот заднего бампера 2192 ДААЗ лев;;шт;700;1
2192-3716138-00;Катафот заднего бампера 2192 ДААЗ пр;;шт;700;1
8200751779;Катафот заднего бампера Ларгус лев;;шт;2000;1
8200751778;Катафот заднего бампера Ларгус пр;;шт;2000;1
2110-8212526без;Катафот задний 2110 (без надписи);;шт;2500;1
2110-8212526-00;Катафот задний 2110 (с надписью);;шт;2800;0
2111-8212526-00;Катафот задний 2111;;шт;2800;0
2111-8212526-н;Катафот задний 2111 (с надписью);;шт;3000;0
2115-8212526;Катафот задний 2115 (с надписью);;шт;2500;1
1118-3710010-10;Клавиша 1118 аварийной сигнализации Авар 379.3710-01М;;шт;500;1
1118-3710990-00;Клавиша 1118 автоматического освещения;;шт;500;1
1118-3710060;Клавиша 1118 кондиционера;;шт;500;1
1118-3710020-02;Клавиша 1118 обогрев задн стекла;;шт;500;2
1118-3710090-00;Клавиша 1118 обогрев лобового стекла;;шт;500;1
991.3710-07.06;Клавиша 1118 противотуманных фар пер Авар 991.3710-07.06;;шт;500;1
1118-37098-00;Клавиша 1118 стеклоп 2кл блокир дв (блок) Авар 351.3769;;шт;2500;0
1118-37098;Клавиша 1118 стеклоп 2кл упр зерк-ми блокир дв (блок) Авар 352.3769;;шт;3800;0
1118-3709613-11;Клавиша 1118 стеклоподъемника;;шт;800;3
1118-3709613-10;Клавиша 1118 стеклоподъемника;;шт;800;0
2105-3710010-03;Клавиша 2105 аварийной сигнализации Авар 245.3710-02 6ти конт;;шт;500;2
2105-3710010-00;Клавиша 2105 аварийной сигнализации Авар 245.3710-02 7ти конт;;шт;500;0
2105-3709607-01-О;Клавиша 2105 обогрева задн стекла 26.3710-22.22А без подсветки 4х к;;шт;300;0
2105-3709608-01;Клавиша 2105 печки 147.01312 3х к;;шт;200;0
2105-3710020;Клавиша 2105 противотуманного фонаря 2х к;;шт;300;0
2103-3709609;Клавиша 2106 печки;;шт;200;6
2106-3709600;Клавиша 2106 света 343.0343 3х к;;шт;300;0
2107-3709607-01;Клавиша 2107 обогрева задн стекла с подсветкой 4х к;;шт;300;4
2107-3710020;Клавиша 2107 противотуманной фары с подстветкой;;шт;500;1
2108-3709600-01;Клавиша 2108 аварийки;;шт;500;2
2108-00;Клавиша 2108 обогрева сидений Авар 375.3710-06.09М;;шт;500;1
2108-3709600-02;Клавиша 2108 обогрева стекла Авар 376.3710-04.04М;;шт;500;2
21093-3710030;Клавиша 2108 противотуманного фонаря задн Авар 376.3710-04.02М;;шт;500;1
2110-3710010-01;Клавиша 2110 аварийной сигнализаци в консоль Авар 378.3710-05.03м;;шт;700;1
2110-3710010-001;Клавиша 2110 кондиционера;;шт;500;1
2110-3710020-01;Клавиша 2110 обогрева задн стекла Авар 377.3710-04.03М;;шт;500;1
2110-3709710;Клавиша 2110 обогрева сидения Авар 17.3763;;шт;2000;1
2110-3710030-01;Клавиша 2110 противотуманного фонаря задн Авар 377.3710-08.02М;;шт;500;1
2110-3710040;Клавиша 2110 противотуманного фонаря пер Авар 377.3710-04.01М;;шт;500;2
2110-00;Клавиша 2110 сигнала;;шт;400;1
2110-3710050-01;Клавиша 2110 циркуляции воздуха Авар 378.3710-04.02М;;шт;500;1
2114-3710010н/об;Клавиша 2115 аварийная Авар;;шт;600;0
2114-3710010;Клавиша 2115 аварийная Авар 245.3710-2д;;шт;600;1
2114-3709600;Клавиша 2115 габаритов/ближний свет/883.3709;;шт;1000;1
2115-00;Клавиша 2115 кондиционер 75.3710-02.06;;шт;500;1
2114-3710020;Клавиша 2115 обогрева задн стекла 757.3710-07.04а;;шт;500;1
2114-3710619-04;Клавиша 2115 обогрева сидения 757.3710-07.05а;;шт;500;1
21213-3709609-11;Клавиша 21213 противотуманного фонаря задн;;шт;200;2
21214-3709607-00;Клавиша 21214 обогрева задн стекла;;шт;500;2
2123-3710010-10;Клавиша 2123 аварийной сигнализации Авар 379.3710М;;шт;800;1
2123-3710010-001;Клавиша 2123 корректор фар Авар 23.3769;;шт;1700;1
2170-3710010-00;Клавиша 2170 аварийки;;шт;700;1
2170-3710020-01;Клавиша 2170 обогрева задн стекла Авар 995.3710-07.20;;шт;500;1
2170-3709710-00;Клавиша 2170 обогрева сидения Авар 171.3763;;шт;2500;1
2170-123;Клавиша 2170 противотуманных фар пер Авар 995.3710-07.06;;шт;500;1
2170-3710050-02;Клавиша 2170 рециркуляции воздуха Авар 995.3710-11.46;;шт;700;1
2170-3709613-01;Клавиша 2170 стеклоподъемника 1шт;;шт;600;4
2190-3709613-00;Клавиша 2190 стеклоподъемника;;шт;800;2
2190-3709810-00;Клавиша 2190 стеклоподъемника 2 клавишы;;шт;1500;0
2190-3709810-00-4;Клавиша 2190 стеклоподъемника 4 клавишы;;шт;2000;1
2192-3710010-00;Клавиша 2192 аварийка;;шт;700;1
77728;Ключ 3 в 1 натяж ГРМ+рейка 2108 Сервис ключ;;шт;600;2
77729;Ключ 3 в 1 натяж ГРМ+рейка 2112 Сервис ключ;;шт;600;2
2108-3901111-04;Ключ рейки 2108-2109;;шт;300;2
2110-ключ;Ключ рейки 2110-2112;;шт;300;2
2115-3710201;Кнопка выключения света (капот и багажник);;шт;200;3
2103-6105125;Кнопка двери 2103;;шт;50;1
2101-6105125;Кнопка двери НИКИЛЬ 2101-2107 (4 шт.);;кт;800;1
2109-6105125;Кнопка двери НИКИЛЬ 2109, 2114 (4 шт.);;кт;800;0
2110-6105125;Кнопка двери НИКИЛЬ 2110 (4 шт.);;кт;800;1
2101-3710200;Кнопка-включатель света в салоне 2101-08;;шт;100;8
2115-3710200-00;Кнопка-включатель света в салоне 2115;;шт;150;0
0180040300;Коврик багажника 1117;;шт;2000;1
0180040100;Коврик багажника 1118;;шт;2000;0
0180040200;Коврик багажника 1119;;шт;2000;1
0180020100;Коврик багажника 2104;;шт;2000;0
2109-коврики багаж;Коврик багажника 2109;;шт;2000;1
21099-коврики багаж;Коврик багажника 21099;;шт;2000;0
2110-коврики;Коврик багажника 2110;;шт;2000;0
2111-коврики;Коврик багажника 2111;;шт;2000;0
0180010400;Коврик багажника 2114;;шт;2000;2
2115-коврики;Коврик багажника 2115;;шт;2000;1
2121-коврики;Коврик багажника 2121,21213;;шт;2000;2
2123-коврики багаж;Коврик багажника 2123;;шт;2000;1
0180050300;Коврик багажника 2131 5-ти дв;;шт;2000;0
0180070100;Коврик багажника 2170 Седан;;шт;2000;2
2171-коврики багаж;Коврик багажника 2171 Универсал;;шт;2000;1
0180070200;Коврик багажника 2172 Хетч Бэк;;шт;2000;1
0180080100;Коврик багажника 2190 Гранта;;шт;2000;2
99999219173482;Коврик багажника 2191 Лифт Бэк;;шт;2000;1
0180090100;Коврик багажника Ларгус 5 мест Ллокер;;шт;2000;1
0180090200;Коврик багажника Ларгус 7 мест Ллокер;;шт;2000;0
99999902373482;Коврик багажника Ларгус фургон АвтоВАЗ;;шт;3500;0
10475;Коврик на панель приборов 2115;;шт;600;1
Коврик-2114 ВАЗ;Коврики резиновые АвтоВаз 2114;;кт;5200;1
Коврик-21213-а;коврики резиновые АвтоВАз 21213;;кт;5300;1
Коврик-2131;коврики резиновые АвтоВаз 2131;;кт;4500;0
Коврик-2170 ВАЗ;коврики резиновые АвтоВаз 2170;;кт;5800;1
Коврик-2190-а;коврики резиновые АвтоВаз 2190;;кт;5500;0
99999902173182;Коврики резиновые АвтоВаз Ларгус 3-й ряд;;шт;2000;0
99999902073182;Коврики резиновые АвтоВаз Ларгус 7 мест;;кт;6000;1
Коврик-Ларгус;Коврики резиновые г. Казань Ларгус;;кт;5000;1
Коврик-1118-н;Коврики резиновые г. Наб. Челны 1118;;кт;4100;2
Коврик-2170ЧЕЛНЫ;Коврики резиновые г. Наб. Челны 2170;;кт;4000;2
Коврик-1118-к;Коврики резиновые г.Казань 1118;;кт;4800;1
Коврик-2101к;Коврики резиновые г.Казань 2101 Элит;;кт;4200;0
Коврик-2108;коврики резиновые г.Казань 2108 Элит;;кт;4500;1
Коврик-2110-к;Коврики резиновые г.Казань 2110 Элит;;кт;4200;0
Коврик-21213-к;Коврики резиновые г.Казань 21213;;кт;4000;1
Коврик-2123к;Коврики резиновые г.Казань 2123 Шеви-Нива;;кт;4500;0
Коврик-2170Казань;Коврики резиновые г.Казань 2170 Элит;;кт;5000;1
Коврик-2190-к;Коврики резиновые г.Казань 2190 Элит;;кт;5200;1
Коврик-2101Начало;Коврики резиновые г.Наб. Челны 2101;;кт;2800;0
Коврик-2108 Челны;Коврики резиновые г.Наб. Челны 2108;;кт;3700;1
Коврик-2110-н;Коврики резиновые г.Наб. Челны 2110;;кт;3800;1
2121-салонУпак.;Коврики резиновые г.Наб. Челны 2121;;кт;3200;2
Коврик-2123;Коврики резиновые г.Наб. Челны 2123;;кт;4000;1
2190GR;Коврики резиновые г.Наб. Челны 2190;;кт;4000;2
Коврик-Ларгус;Коврики резиновые Ларгус Казань 3-й ряд;;кт;2000;1
99999901003182;Коврики салона Ллокер Ларгус 5 мест;;кт;7200;0
2106-5109014/46;Ковролан 2106 черный завод;;шт;4500;0
2108-5109084;Ковролан 2108 черный завод;;шт;4500;0
2121-5109044с;Ковролан 2121 серый завод;;шт;5000;0
2121-5109044ч;Ковролан 2121 черный завод;;шт;5000;0
2121-8401180;Кожух подфарника 21213;;кт;500;1
2101-3403070-20;Кожух руля 2101;;кт;400;0
2105-3403072-70;Кожух руля 2105;;кт;900;1
2108-3403072-03;Кожух руля 2108;;кт;900;2
2114-3403072;Кожух руля 2114;;кт;1400;2
2170-3403065/68;Кожух руля 2170;;кт;3500;1
21213-5325124-11;Козырек панели приборов 21213;;шт;2500;0
2101-8204010;Козырек солнцезащитный 2101-21213;;кт;1000;0
2106-8204010-11;Козырек солнцезащитный 2106;;кт;1000;0
2108-8204010-11;Козырек солнцезащитный 2108;;кт;1000;0
21213-8204010;Козырек солнцезащитный 213 жесткий;;кт;2000;1
2170-8204010-11;Козырек солнцезащитный 2170 жесткий;;кт;2000;0
2190-8204010-11;Козырек солнцезащитный 2190 жесткий;;кт;2000;0
7700302762;Колпак колеса (ступицы) Ларгус;;шт;1500;0
8450000404;Колпак колеса (ступицы) Ларгус на титанку;;шт;1500;2
8450000272;Колпак колеса Ларгус на штамповку;;шт;2000;0
2101-3101065;Колпачок ступицы 2101 АвтоВаз;;шт;100;10
2107-3101012-01;Колпачок ступицы 2107 хром;;шт;250;4
2108-3103065_;Колпачок ступицы 2108 завод.;;шт;100;10
2108-3103065-хр;Колпачок ступицы 2108 хром;;шт;200;4
2121-3103065;Колпачок ступицы 2121 Ваз;;шт;450;4
2106-5325210;Консоль (борода) 06;;шт;900;1
2107-5325210;Консоль (борода) 07;;шт;800;1
2121-5325210;Консоль (борода) 2121 голая;;шт;1500;1
21214-5325212-10;Консоль (борода) 21213 в сборе;;шт;4500;0
2101-5004094;Крепеж обшивки потолка;;кт;300;2
2103-2804016-17-В;Крепление бампера 2106 ЗАДН. 2шт.;;кт;800;1
2103-2803016-17-В;Крепление бампера 2106 ПЕРЕД. 2шт.;;кт;1000;1
21065-2803016-17;Крепление бампера 2106 под 2105 бампер задн;;кт;1400;0
21065-2803017/16;Крепление бампера 2106 под 2105 бампер пер;;кт;1400;0
2107-2803016-07;Крепление бампера 2107;;кт;1800;0
2113-2804037-00;Крепление бампера 2113 боковое лев;;шт;400;1
2113-2804036-00;Крепление бампера 2113 боковое пр;;шт;400;1
2114-2804017-00;Крепление бампера 2115 боковое лев;;шт;1000;0
2114-2804016-00;Крепление бампера 2115 боковое пр;;шт;1000;0
21213-2803019;Крепление бампера 21213 (заднее);;кт;2500;2
21213-2804019;Крепление бампера 21213 (переднее);;кт;2500;2
2121-5101411-00;Кронштейн домкрата 2121 л АвтоВаз зад;;шт;600;0
2121-5101400-00;Кронштейн домкрата 2121 п АвтоВаз зад;;шт;600;0
2190-8403045-00;Кронштейн крепления крыла лев 2190;;шт;700;2
2190-8403044-00;Кронштейн крепления крыла пр 2190;;шт;700;1
2114-8401179-00;Кронштейн крепления радиатора и фар 2114 лев;;шт;400;1
2114-8401178-00;Кронштейн крепления радиатора и фар 2114 пр;;шт;400;1
2170-8403045-00;Кронштейн переднего крыла 2170 верх лев;;шт;2000;1
2170-8403044-00;Кронштейн переднего крыла 2170 верх пр;;шт;2000;1
2190-8403045-00;Кронштейн переднего крыла 2190 верх лев;;шт;400;0
2190-8403150-00;Кронштейн переднего крыла 2190 нижн пр;;шт;400;0
1118-8403011-00;Крыло 1118 левое переднее АвтоВаз;;шт;15500;0
1118-8403010-00;Крыло 1118 правое переднее АвтоВаз;;шт;13500;0
2103-8403011;Крыло 2103 левое переднее Н-Ч;;шт;3300;1
2103-8403010;Крыло 2103 правое переднее Н-Ч;;шт;3300;1
2105-8404011-11;Крыло 2105 левое заднее Н-Ч;;шт;4000;2
2105-8403011;Крыло 2105 левое переднее Н-Ч;;шт;2800;2
2105-8404010;Крыло 2105 правое заднее Н-Ч;;шт;4000;2
2105-8403010;Крыло 2105 правое переднее Н-Ч;;шт;2800;2
2106-8404011;Крыло 2106 левое заднее Н-Ч;;шт;5000;1
2106-8404010;Крыло 2106 правое заднее Н-Ч;;шт;5000;1
21093-8403011;Крыло 21093 левое Н-Ч;;шт;2500;1
21093-8403010;Крыло 21093 правое Н-Ч;;шт;2500;1
2110-8403015;Крыло 2110 левое Н-Ч;;шт;4600;1
2110-8403014;Крыло 2110 правое Н-Ч;;шт;4600;0
2114-8403011-00;Крыло 2114 левое АвтоВаз;;шт;6500;1
2114-8403011;Крыло 2114 левое Н-Ч;;шт;4800;4
2114-8403010-00;Крыло 2114 правое АвтоВаз;;шт;6500;1
2114-8403010;Крыло 2114 правое Н-Ч;;шт;4800;6
2115-8404015-00;Крыло 2115 заднее левое АвтоВаз;;шт;9500;0
2115-8404014-00;Крыло 2115 заднее правое АвтоВаз;;шт;11000;0
2121-8403025-00;Крыло 2121 левое АвтоВаз;;шт;7500;1
2121-8403011;Крыло 2121 левое Начало;;шт;3800;2
2121-8403024-00;Крыло 2121 правое АвтоВаз;;шт;7500;1
2121-8403010;Крыло 2121 правое Начало;;шт;3800;2
2123-840301100;Крыло 2123 переднее лев. Ваз;;шт;33000;0
2123-840301000;Крыло 2123 переднее пр. Ваз;;шт;33000;0
2170-8404015;Крыло 2170 заднее левое АвтоВаз;;шт;33000;0
2170-8404010;Крыло 2170 заднее правое АвтоВаз;;шт;33000;1
2170-8403011-00;Крыло 2170 переднее  левое АвтоВаз;;шт;14000;1
2170-8403011;Крыло 2170 переднее левое Начало;;шт;10500;1
2170-8403010-00;Крыло 2170 переднее правое АвтоВаз;;шт;14000;1
2170-8403010;Крыло 2170 переднее правое Начало;;шт;10500;2
2171-8404015-00;Крыло 2171 заднее левое АвтоВаз;;шт;28000;0
2171-8404014-00;Крыло 2171 заднее правое АвтоВаз;;шт;28000;1
2172-8404015-00;Крыло 2172 заднее левое АвтоВаз;;шт;34000;1
2172-8404014-00;Крыло 2172 заднее правое АвтоВаз;;шт;30000;1
2190-8404015-00;Крыло 2190 заднее левое АвтоВаз;;шт;31000;1
2190-8404010-00;Крыло 2190 заднее правое АвтоВаз;;шт;33000;1
2190-8403011;Крыло 2190, Калина-2 переднее левое АвтоВаз;;шт;12500;2
2190-8403011-01;Крыло 2190, Калина-2 переднее левое Начало ;;шт;9000;1
2190-8403010;Крыло 2190, Калина-2 переднее правое АвтоВаз;;шт;12500;2
2190-8403010-00;Крыло 2190, Калина-2 переднее правое Начало;;шт;9000;0
2191-8404015-00;Крыло 2191 заднее левое АвтоВАЗ;;шт;16500;1
2191-8404010-00;Крыло 2191 заднее правое АвтоВАЗ;;шт;16500;1
2192-8404015-00;Крыло 2192 заднее левое АвтоВаз;;шт;30000;0
2192-8404010-00;Крыло 2192 заднее правое АвтоВаз;;шт;30000;0
2194-8404015-00;Крыло 2194 заднее левое АвтоВаз;;шт;40000;0
2194-8404010-00;Крыло 2194 заднее правое АвтоВаз;;шт;40000;0
6001548804;Крыло Ларгус заднее лев с окном;;шт;45000;0
6001548806;Крыло Ларгус заднее лев фургон;;шт;100000;0
6001548803;Крыло Ларгус заднее пр стекло;;шт;65000;0
6001548805;Крыло Ларгус заднее пр фургон;;шт;100000;0
631017626R;Крыло Ларгус Рено переднее лев;;шт;16000;1
631005023R;Крыло Ларгус Рено переднее пр;;шт;16000;2
2108-5701012-00;Крыша 2108, 2109, 2113, 2114 АвтоВаз;;шт;15000;0
21099-5701012-00;Крыша 21099, 2115 АвтоВАЗ;;шт;24000;0
2121-5701012-00;Крыша 2121 АвтоВаз;;шт;25000;0
21099-5604010;Крышка багажника 099;;шт;7000;0
2107-5604010-82;Крышка багажника 2105 АвтоВаз;;шт;10000;0
2110-5604010-10;Крышка багажника 2110 Ваз в сборе;;шт;15000;0
2115-5604010-00;крышка багажника 2115 АвтоВаз;;шт;16000;0
2170-5604010;Крышка багажника 2170 АвтоВаз;;шт;30000;0
2190-5604010-00;Крышка багажника 2190 АвтоВаз;;шт;28000;1
21213-5303020;Крышка бардачка 21213;;шт;4500;0
2101-1103010;крышка бензобака с ключом 2101-2107;;шт;350;5
8450000302;Крышка окна пер буксира Ларгус под окрас;;шт;700;1
21704-2803294-00;Крышка окна переднего буксира 21704;;шт;800;2
21011-6205180-00;Крючок двери 2101 железный;;шт;250;0
21011-6205180-пл;Крючок двери 2101-07;;шт;100;2
2105-6205118-01-Д;Крючок двери 2105, 2107 металл ХРОМ;;шт;250;6
2105-6205118;Крючок двери 2105, 2107 пластик;;шт;100;4
2109-6105180;Крючок двери 2108-99;;шт;100;6
2110-6105181-10-Д;Крючок двери 2110 левый;;шт;400;2
2110-6105180-10-Д;Крючок двери 2110 правый;;шт;400;2
2114-6105181-00;Крючок двери 2114 левый;;шт;200;1
2114-6105181;Крючок двери 2114 левый метал;;шт;400;10
2114-6105180-00;Крючок двери 2114 пр;;шт;200;0
2114-6105180;Крючок двери 2114 правый метал;;шт;400;10
2170-6105181-00;Крючок двери 2170 лев ДААЗ;;шт;400;2
2170-6105180-00;Крючок двери 2170 пр ДААЗ;;шт;400;2
2172-6105181-00;Крючок двери 2172 лев ДААЗ;;шт;400;2
2172-6105180-00;Крючок двери 2172 пр ДААЗ;;шт;400;2
2190-6205181-00;Крючок двери 2190 задний лев ДААЗ;;шт;500;1
2190-6205180-00;Крючок двери 2190 задний пр ДААЗ;;шт;500;5
2190-6105181-00;Крючок двери 2190 передний лев ДААЗ;;шт;500;2
2190-6105180-00;Крючок двери 2190 передний пр ДААЗ;;шт;500;5
21093-8406070;Крючок капота 2109;;шт;300;1
2110-8406070-00;Крючок капота 2110;;шт;300;1
2114-8406070;Крючок капота 2114;;шт;400;1
2170-8406070-01;Крючок капота 2170;;шт;600;1
61218Orange;Лампа 21 W 1 конт большая смещенный цоколь;;шт;50;10
61214;Лампа 21/4 W 2х конт  смещенный цоколь;;шт;50;10
61215;Лампа 21/5 W 2х конт;;шт;50;10
61215бц;Лампа 21/5 W 2х конт без цоколя;;шт;200;8
61210;Лампа габаритная 10W с цоколем;;шт;50;10
61204;Лампа габаритная 4W c цоколем;;шт;40;10
61205БЦ;Лампа габаритная 5W без цоколя;;шт;40;8
VL-H1-01;Лампа галоген H-1 СтартВольт;;шт;200;6
VL-H3-01;Лампа галоген Н-3 СтартВольт;;шт;200;6
VL-H4-01;Лампа галоген Н-4 СтартВольт;;шт;350;4
VL-H7-01;Лампа галоген Н-7 СтартВольт;;шт;350;6
2101-линолеум;Линолеум 2101 г.Миасс;;шт;2000;2
2108-линолиум;Линолеум 2108 г.Миасс;;шт;2300;1
2110-линолиум;Линолеум 2110 г.Миасс;;шт;2000;0
2121-линолеум;Линолеум 2121 г.Миасс;;шт;2500;1
2101-6100045-10;Личинки замков дверей 2101 в сборе;;кт;550;2
2102-6100040;Личинки замков дверей 2102,2121 в сборе;;кт;800;2
2104-6105410;Личинки замков дверей 2104 в сборе ФОРТЕКС;;кт;1400;0
2105-6105410;Личинки замков дверей 2105 в сборе ФОРТЕКС;;кт;950;2
2106-61054101;Личинки замков дверей 2106 в сборе Китай;;кт;600;4
2106-6105410;Личинки замков дверей 2106 в сборе ФОРТЕКС;;кт;800;2
2106-2101610;Личинки замков дверей 2106 голые ФОРТЕКС;;кт;400;2
2105-61054101;Личинки замков дверей 2107 в сборе Китай;;кт;600;1
2108-6100045-21;Личинки замков дверей 2108 в сборе ДААЗ;;кт;2000;0
2108-6105410;Личинки замков дверей 2108 в сборе ФОРТЕКС;;кт;1300;3
2108-2101610;Личинки замков дверей 2108 голая Рекардо;;кт;450;1
21099-2101610;Личинки замков дверей 21099 в сборе ФОРТЕКс;;кт;1000;1
2110-2101610;Личинки замков дверей 2110 в сборе ФОРТЕКС;;кт;1300;1
2111-6100040;Личинки замков дверей 2111 в сборе;;кт;1400;2
2115-6100040;Личинки замков дверей 2115 в сборе ДААЗ;;кт;1500;0
2115-6105410;Личинки замков дверей 2115 в сборе ФОРТЕКС;;кт;1000;2
21213-6100045-10;Личинки замков дверей 21213 в сборе ДААЗ;;кт;600;2
2123-2101610;Личинки замков дверей 2123 гол ГрандРиал;;кт;700;1
2170-6100040;Личинки замков дверей 2170 в сборе;;кт;1100;1
1118-8403281-99;Лонжерон 1118-2190 лев АвтоВАЗ;;шт;20000;0
1118-8403280-99;Лонжерон 1118-2190 пр АвтоВАЗ;;шт;22000;0
2108-8403281-00;Лонжерон 2108 АвтоВаз лев;;шт;10000;1
2108-8403280-00;Лонжерон 2108 АвтоВаз пр;;шт;10000;0
2110-8403281-60;Лонжерон 2110 АвтоВаз левый;;шт;10000;0
2110-8403280-60;Лонжерон 2110 АвтоВаз правый;;шт;10000;1
2105-5101371;Лонжерон заднего пола 2105 Ваз лев.;;шт;1500;1
2105-5101370-00;Лонжерон заднего пола 2105 Ваз пр.;;шт;1500;1
2110-5101303-00;Лонжерон пола 2110 АвтоВаз пер. Лев;;шт;500;1
2110-5101302-00;Лонжерон пола 2110 АвтоВаз пер. прав.;;шт;500;1
1118-8413010;Лючок бензобака 1118, 2190, Калина2;;шт;2000;1
2108-5413010;Лючок бензобака 2108 АвтоВаз;;шт;800;0
2110-8413010;Лючок бензобака 2110 АвтоВаз;;шт;800;0
2170-8413010;Лючок бензобака 2170, 2172 АвтоВАЗ;;шт;2000;0
2171-8413010;Лючок бензобака 2171 АвтоВАЗ;;шт;2000;0
21704-2803053-00;Молдинг бампера 21704 низ лев;;шт;1000;0
21704-2803052-00;Молдинг бампера 21704 низ пр;;шт;1000;0
2101-lada;Молдинг дверей 2101 LADA самоклеющийся;;шт;1200;1
2101-06-5003004;Молдинг дверей 2101-2106;;кт;3000;1
2109-узкая;Молдинг дверей 2109 SAMARA самоклеющийся;;шт;1200;1
2114-8212155-10;Молдинг двери 2114 задний лев н/об;;шт;1000;2
2114-8212154-10;Молдинг двери 2114 задний пр н/об;;шт;1000;2
2114-8212145-10;Молдинг двери 2114 передний лев н/об;;шт;1000;2
2114-8212144-10;Молдинг двери 2114 передний пр н/об;;шт;1000;2
2170-ХРОМДВЕРЬ;Молдинг двери 2170 Хром;;кт;5000;0
2190-8212151-00;Молдинг двери 2190 задний лев;;шт;1500;1
2190-8212150-00;Молдинг двери 2190 задний пр;;шт;1500;1
2190-8212141-00;Молдинг двери 2190 передний лев;;шт;1500;1
2190-8212140-00;Молдинг двери 2190 передний пр;;шт;1500;1
2170-8402104;Молдинг капота 2170 Хром;;шт;2000;0
2114-8212134-10;Молдинг крыла 2114 левый н/об;;шт;700;2
2112-8212133-10;Молдинг крыла 2114 правый н/об;;шт;700;2
2106-молди;Молдинг порога жигули;;кт;1200;0
2192-2803083-00;Молдинг рамки противотуманной фары 2192 лев;;шт;2000;0
2192-2803082-00;Молдинг рамки противотуманной фары 2192 пр;;шт;2000;0
21704-2803242-00;Молдинг решетки радиатора 21704 гальваника;;шт;3000;0
2190-2803242-00;Молдинг решетки радиатора 2190 гальваника;;шт;3000;3
2192-2803242-00;Молдинг решетки радиатора Калина-2 2192 гальваника;;шт;3000;0
8450000246;Молдинг решетки радиатора Ларгус хром;;шт;4300;0
8450000247;Молдинг решетки радиатора Ларгус черн;;шт;1000;0
21704-8232010-704;Муляж аэрбага 2170 н/об;;шт;6500;1
2170-8233020-70;Муляж аэрбага 2170 на панель;;шт;4500;1
2172-8232010-72;Муляж аэрбага 2170 ст/об;;шт;3000;0
21910-8232010-90;Муляж аэрбага 2190;;шт;7000;1
2190-8233020-0090;Муляж аэрбага 2190 на панель (заглушка);;шт;4500;1
2105-2803153/52;накладка бампера 2105 (пара) передние;;кт;1200;1
2106-2803052-53;Накладка бампера 2106 (пара);;кт;200;4
2107-280300-1;Накладка бампера 2107 задняя;;шт;2500;4
2107-280300-2;Накладка бампера 2107 передняя;;шт;2500;4
2121-2804153-10;Накладка бампера 2121 боковая задняя пр+лев;;кт;600;2
2121-2803153;Накладка бампера 2121 боковая передняя пр+лев;;кт;600;1
2108-8212305;Накладка заднего крыла 2108 банан лев;;шт;150;2
2108-8212304;Накладка заднего крыла 2108 банан пр;;шт;150;2
21213-00002;Накладка заднего фонаря 213 неокрашенная;;кт;1000;0
21213-00003;Накладка заднего фонаря 213 серебро;;кт;1700;0
2170-8212526;Накладка крышки багажника 2170 Хром;;шт;3000;1
2171-8212526;Накладка крышки багажника 2171 под покраску;;шт;1500;1
2110ЕВРОК;"Накладка на панель 2110 ЕВРО ""кормушка""";;шт;1200;1
2105-5701040,41;Накладка наружной стойки 2105 (вентил. реш.);;кт;200;0
2105-5701040/41-Х;Накладка наружной стойки 2105 (вентил. реш.) ХРОМ;;кт;400;2
2106 евро;Накладка панели 2106 евро;;шт;2500;0
2107 евро;Накладка панели 2107 евро;;шт;2500;0
2108-5325180;Накладка панели 2108 евро низкая панели;;шт;4500;0
2108-евро с часами;Накладка панели 2108 евро с часами;;шт;3000;0
2121 евро;Накладка панели 2121 евро;;шт;3000;0
21213 евро;Накладка панели 21213 евро;;шт;4000;1
2109Хром;Накладка порога ХРОМ 2109;;кт;1500;0
2110Хром;Накладка порога ХРОМ 2110;;кт;2200;0
АКС-970;Накладка ручек дверей 2109-2115 ХРОМ (4 шт.);;кт;1800;0
АКС-942;Накладка ручек дверей 2110-2112 ХРОМ (4 шт.);;кт;1000;0
АКС-971;Накладка ручек дверей 2123-2170 ХРОМ (5 шт.);;кт;1000;0
диф-2121;Накладки задних стоек 2121 жабры;;кт;1500;1
2121-00004;Накладки на крылья 213;;кт;3000;2
2121-00004кв;Накладки на крылья 213 квадратные;;кт;3000;0
2121-00004хром;Накладки на крылья 213 крашенные;;кт;4000;1
2121-00004хром кв;Накладки на крылья 213 крашенные квадратные;;кт;4000;1
21214-8201385-00;Облицовка зеркала уголок в салоне левая;;шт;200;2
21214-8201384-00;Облицовка зеркала уголок в салоне правая;;шт;200;2
21213-6810049;Облицовка пер сиденья лев;;шт;400;2
21213-6810048;Облицовка пер сиденья пр;;шт;400;2
накладка беж;"Облицовка потолка Нива ""Комфорт"" беж с плафоном";;шт;13000;0
2105-2107-5004210;Обшивка багажника 2105;;кт;2600;3
2106-5004210;Обшивка багажника 2106;;кт;2800;2
2108-5602011/12;Обшивка багажника 2108, 2109 ворс;;кт;2500;0
2121-5004032/33;обшивка багажника 2121;;кт;3000;1
21213-5004032/33;Обшивка багажника 21213;;кт;3000;2
21214-5004033;Обшивка багажника 21214;;кт;3800;2
2131-5004032/33;Обшивка багажника 2131 5ти дв;;кт;4000;0
2121-5109069;Обшивка боковины 2121 левая;;шт;800;0
2121-51090668;Обшивка боковины 2121 правая;;шт;800;1
21214-5109069;Обшивка боковины 214 левая;;шт;800;1
21213-6814273;Обшивка боковины пер сиденья 213 левая глухая;;шт;200;1
21213-6814309;Обшивка боковины пер сиденья 213 левая с отверстием;;шт;100;1
21213-6814272;Обшивка боковины пер сиденья 213 правая глухая;;шт;200;1
21213-6814308;Обшивка боковины пер сиденья 213 правая с отверстием;;шт;100;1
2106-6102012-00;Обшивка дверей 2101-2107 Ворс;;кт;1900;0
2106-6102012-кожа;Обшивка дверей 2101-2107 Кожа;;кт;2000;1
2115-6102014;Обшивка дверей 2115;;кт;19000;0
21213-6102014;Обшивка дверей 213 ворс;;кт;1700;2
21213-6102013;Обшивка дверей 213 кожа;;кт;1600;0
21214-6102013-00;Обшивка дверей 214 лев, пр;;кт;17000;0
2121-6302010;Обшивка двери задка багажника 2121 верх;;шт;1000;2
2121-5004204;Обшивка двери задка багажника 2121 низ;;шт;1000;2
21213-6302010;Обшивка двери задка багажника 21213 верх;;шт;1400;1
21700-5007402-00;Обшивка капота 2170 АвтоВаз;;шт;3000;0
2190-5007402-00;Обшивка капота 2190 АвтоВаз;;шт;2500;0
2121-5004102-00;Обшивка потолка 2121;;шт;2000;2
21213-5004071;Обшивка центральной стойки левая 2121;;шт;300;0
21213-5004070;Обшивка центральной стойки правая 2121;;шт;300;0
2101-6106082;Ограничитель двери 2101-03-06;;шт;250;2
2107-6106082;Ограничитель двери 2107;;шт;500;2
2110-6106082;Ограничитель двери 2108-2110;;шт;450;1
2121-6106082-ПЕНЗ;Ограничитель двери 2121;;шт;400;2
АКС-925;Отбойник капота Дельта (спойлер) 1118;;шт;2000;0
АКС-644;Отбойник капота Дельта (спойлер) 2105;;шт;1800;1
АКС-645;Отбойник капота Дельта (спойлер) 2106;;шт;1800;1
АКС-646;Отбойник капота Дельта (спойлер) 2107;;шт;1800;0
АКС-647от;Отбойник капота Дельта (спойлер) 2108;;шт;1800;2
АКС-648;Отбойник капота Дельта (спойлер) 2110;;шт;1800;1
АКС-649;Отбойник капота Дельта (спойлер) 2115;;шт;1800;2
АКС-643;Отбойник капота Дельта (спойлер) 21213;;шт;1800;2
АКС-639;Отбойник капота Дельта (спойлер) 2123;;шт;2500;0
АКС-1025п;Отбойник капота Дельта (спойлер) 2170;;шт;1800;2
АКС-1025;Отбойник капота Дельта (спойлер) 2190;;шт;2000;0
DK-00026;Отбойник капота Дельта (спойлер) Ларгус;;шт;2000;1
2101-8402070Р;Отбойник капота регулируемый 2101, 2103, 2106 Балаково;;шт;100;4
2105-8402070Р;Отбойник капота регулируемый 2104, 2105, 2107 Балаково;;шт;100;6
2108-8402214-01;Отбойник капота регулируемый 2108 Балаково;;шт;100;6
2110-8402214Р;Отбойник капота регулируемый 2110 Балаково;;шт;100;6
2106-8401016-17;Очки фар;;кт;300;3
2106-8401016-17хром;Очки фар 2106 /НИКЕЛЬ/;;кт;600;1
2121-5401065-00;Панель боковины 2121 АвтоВаз в сборе лев;;шт;25000;0
2121-5401064-00;Панель боковины 2121 АвтоВАЗ в сборе пр;;шт;25000;0
2105-5601082;Панель задка 2105 АвтоВаз;;шт;3500;0
2106-5601082-82;Панель задка 2106 АвтоВаз;;шт;3500;0
2121-5601082-82;Панель задка 2121 АвтоВАЗ;;шт;7000;0
21213-5601082-00;Панель задка 21213 АвтоВаз;;шт;8500;1
2171-5601082-00;Панель задка 2171 АвтоВаз;;шт;4000;0
2103-5301242;Панель передка нижняя 2103 Начало;;шт;1500;2
2107-8401120;Панель передка нижняя 2107 Начало;;шт;1500;2
21213-8401120-00;Панель передка нижняя 21213 АвтоВаз;;шт;10000;1
2101-5301240;Панель передка передняя 2101 Нч;;шт;4500;0
2103-5301020;Панель передка передняя 2103 Нч;;шт;3000;1
2110-8401122-50;Панель передка передняя 2110 АвтоВаз;;шт;700;1
2108-8401052-01;Панель рамки радиатора 2108 Начало;;шт;4300;1
2123-8401052-55;Панель рамки радиатора 2123 АвтоВаз в сб.;;шт;5800;0
2190-8401054-00;Панель рамки радиатора 2190 АвтоВаз;;шт;5000;1
2105-3716105-00;Патрон лампы 2105 2х конт;;шт;200;0
2105-3716094-00;Патрон лампы 2105 одноконт (без клемм гол);;шт;50;0
2105-3716104-00;Патрон лампы 2105 одноламповый;;шт;150;0
2107-8203010-01;Пепельница;;шт;1000;0
2108-6306010-10;Петля багажника 2108 АвтоВаз;;кт;1000;1
2121-6306010-10;Петля багажника 2121  АвтоВаз;;кт;2000;1
2105-6106008;Петля двери 2101-2107 (2 шт);;кт;2000;1
1118-840701100;Петля капота 1118 АвтоВаз;;кт;1500;1
2105-8407010-00;Петля капота 2105;;шт;550;4
2107-8407011-00;Петля капота 2107 левая;;шт;500;1
2107-8407010-00;Петля капота 2107 правая;;шт;500;3
2108-петля;Петля капота 2108;;кт;1000;3
2121-8407010;Петля капота 2121 АвтоВаз;;шт;500;0
2123-8407010-00;Петля капота 2123  АвтоВаз;;кт;1200;0
2170-8407010-00;Петля капота 2170 АвтоВаз;;кт;2500;0
2190-8407011-00;петля капота 2190 АвтоВаз левая;;шт;750;0
2190-8407010-00;петля капота 2190 АвтоВаз правая;;шт;750;1
6001546875/76;Петля капота Ларгус;;кт;4000;1
2101_рк;пистон (р/к на весь автом-ль) 2101-06;;шт;800;3
2108_рк;пистон (р/к на весь автом-ль) 2108-2109;;шт;800;1
2110-набор;пистон (р/к на весь автом-ль) 2110-2112;;шт;1000;1
2115-набор;пистон (р/к на весь автом-ль) 2113-2115;;шт;1000;2
2121-набор;пистон (р/к на весь автом-ль) 2121, 21213, ОКА, 2105, 2107;;кт;800;2
2123-набор;пистон (р/к на весь автом-ль) 2123 Шеви;;шт;1500;0
2170-набор;пистон (р/к на весь автом-ль) 2170;;кт;1000;1
2101-2808020;Пистон квадрат под номерной знак;;шт;10;0
2103-5003011;Пистон молдинга 2103 г.Сызрань концевой;;шт;10;0
2103-5003010;Пистон молдинга 2103 г.Сызрань средний;;шт;10;0
2114-8212330;Пистон молдинга 2114 - 2115 широкий ст/об;;шт;30;0
2123-8212330;Пистон молдинга 2123- 2114 узкий н/об;;шт;30;0
2101-50040;Пистон обшивки (гвоздь) г.Сызрань;;шт;10;0
2101-п-о;Пистон обшивки ПЛАСТИК 2101;;шт;10;0
2121-6102053;Пистон обшивки ПЛАСТИК 2105;;шт;10;0
2108-6102053;Пистон обшивки ПЛАСТИК 2108;;шт;10;0
2110-п_о;Пистон обшивки ПЛАСТИК 2110 (42 шт.);;кт;400;0
2103-6816076-02;Пистон подлокотника (квадрат);;шт;10;0
2103-2106-;Пистон решетки пластик;;шт;10;0
2105-3703112-00;Планка АКБ 2105;;шт;200;2
2108-3703112;Планка АКБ 2108;;шт;200;1
2108-6306120;Планка двери задка 2108 РЕКАРДО хром блистер;;шт;400;0
2190-5606064-10;Планка двери задка 2190 ДААЗ;;шт;800;2
2104-3716092-10;плата заднего фонаря 2104;;кт;1200;2
2104-3716092;Плата заднего фонаря 2104 АвтоВаз пр;;шт;600;0
2105-3716092-10;плата заднего фонаря 2105;;кт;1100;2
2107-3716092-10;Плата заднего фонаря 2107;;кт;1200;2
2108-3716096;плата заднего фонаря 2108 в сборе;;кт;1600;1
2108-3716092-10;Плата заднего фонаря 2108 голая;;кт;800;1
2115-3716092;Плата заднего фонаря 2115;;кт;800;0
2114-3716092-93;Плата заднего фонаря 2115 в сборе углы;;шт;800;2
21213-3716092-10;Плата заднего фонаря 21213;;кт;2000;3
2101-3714000-00;Плафон салона 2106 ОСВАР;;шт;600;2
2107-3710200-00;Плафон салона 2107 ОСВАР;;шт;800;2
2108-3714010;Плафон салона 2108;;шт;400;2
21083-3714010;Плафон салона 2108 (глаз);;шт;500;2
2170-3714010-00;Плафон салона 2170;;шт;1000;1
2108-8403400;Площадка АКБ 2108 АвтоВаз;;шт;1400;1
2110-8403400-50;Площадка АКБ 2110 АвтоВаз;;шт;800;1
2108-3711171;Поворотник 2108 белый лев;;шт;500;1
2108-3711170;Поворотник 2108 белый пр;;шт;500;1
2108-3711171-ж;Поворотник 2108 желт лев;;шт;500;1
2108-3711170-ж;Поворотник 2108 желт пр;;шт;500;1
2110-3711171-30-б;Поворотник 2110 BOSCH ЛЕВЫЙ;;шт;1500;1
2110-3711170-30-б;Поворотник 2110 BOSCH ПРАВЫЙ;;шт;1500;1
2110-3711171;Поворотник 2110 белый левый Автосвет;;шт;1000;2
2110-3711171-30;Поворотник 2110 белый левый Киржач 583;;шт;1400;0
2110-3711170;Поворотник 2110 белый правый Автосвет;;шт;1000;3
2110-3711170-30;Поворотник 2110 белый правый Киржач 582;;шт;1400;0
2114-3711171деш;Поворотник 2114 белый левый деш;;шт;1000;2
2114-3711170деш;Поворотник 2114 белый правый деш;;шт;1000;2
2114-3711171-00;Поворотник 2115 BOSCH лев желт;;шт;1300;1
2114-3711071БОШ;Поворотник 2115 BOSCH ЛЕВЫЙ Белый 003-04;;шт;1500;2
2114-3711170-00;Поворотник 2115 BOSCH пр желт;;шт;1300;1
2114-3711070БОШ;Поворотник 2115 BOSCH ПРАВЫЙ Белый 004-04;;шт;1500;2
2114-3711171свет;Поворотник 2115 желтый левый деш;;шт;1000;2
2114-3711170свет;Поворотник 2115 желтый правый деш;;шт;1000;1
2105-3726010;Повторитель поворота белый 2105;;шт;150;20
2106-3726010;Повторитель поворота белый 2106;;шт;150;18
2108-3726010-01-Р;Повторитель поворота белый 2108;;шт;150;20
2115-3726010-01-б;Повторитель поворота белый 2115;;шт;150;8
2105-3726010-01-Р;Повторитель поворота желтый 2105;;шт;150;15
2106-3726010-ж;Повторитель поворота желтый 2106;;шт;150;15
2108-3726010;Повторитель поворота желтый 2108;;шт;150;15
2115-3726010-ж;Повторитель поворота желтый 2115;;шт;150;15
7700822136;Повторитель поворота Ларгус белый;;шт;800;2
11180-3726087-00;Повторитель поворота Приора белый;;шт;400;8
1118-3726010-00;Повторитель поворота Приора желтый;;шт;400;7
2170-3726010;Повторитель поворота-заглушка Приора;;шт;400;10
2121-5301160-00;Поддон аккумуляторной батареи 2121 (метал)  АвтоВаз;;шт;1500;1
2123-3703095-00;Поддон аккумуляторной батареи 2123;;шт;500;1
99999211541482;Подкрылки 2113 АвтоВАз;;кт;4000;2
99999212131482;Подкрылки 21213 АвтоВАЗ;;кт;5000;0
99999217031482;Подкрылки 2170 АвтоВАЗ;;кт;5000;2
99999219021482;Подкрылки 2190 АвтоВАЗ отдельно задние;;кт;3500;1
;Подкрылки Daewoo Nexia пер+задн;;кт;3000;4
;Подкрылки Hyundai Accent пер+задн;;кт;3000;4
;Подкрылки Hyundai Gets пер+задн;;кт;3000;2
;Подкрылки Kia Cerato пер+задн;;кт;4500;2
;Подкрылки Kia Rio пер+задн;;кт;4500;2
дастер4х2;Подкрылки Renault Duster 2x4 задн;;кт;5500;2
дастер4х4;Подкрылки Renault Duster 4x4 задн;;кт;5500;2
2106СП;Подкрылки Питер 2101, 2103, 2106 пер+задн;;кт;2500;1
2107СП;Подкрылки Питер 2104, 2105, 2107 пер+задн;;кт;2500;3
2109СП;Подкрылки Питер 2108-2115 пер+задн;;кт;2500;10
21213СП;Подкрылки Питер 21213 пер+задн;;кт;3000;6
2170СП;Подкрылки Питер 2170 пер+задн;;кт;3000;7
2190СП;Подкрылки Питер 2190 пер+задн;;кт;3000;6
Ларгус СП;Подкрылки Питер Ларгус задн;;кт;2000;3
2114-8403363;Подкрылок штатный 2114 передний левый;;шт;1000;3
2114-8403362;Подкрылок штатный 2114 передний правый;;шт;1000;3
2170-8403363;Подкрылок штатный 2170 передний левый задняя часть;;шт;1000;3
2170-8403603;Подкрылок штатный 2170 передний левый передняя часть;;шт;1000;2
2170-8403362;Подкрылок штатный 2170 передний правый задняя часть;;шт;1000;2
2170-8403602;Подкрылок штатный 2170 передний правый передняя часть;;шт;1000;1
2190-8403363-10;Подкрылок штатный 2190 передний левый;;шт;1300;2
2190-8403362-10;Подкрылок штатный 2190 передний правый;;шт;1300;2
2107-6826010/11;Подлокотник 2101 задн (2шт);;кт;1000;0
2107-6816010/11;Подлокотник 2101 пер (2шт);;кт;1000;0
2103-6826010/11;Подлокотник 2101 пер+задн (4шт);;кт;2800;0
2114-подл;Подлокотник 2114;;шт;3500;0
2121-подл;Подлокотник 2121;;шт;5000;1
2170-подл;Подлокотник 2170;;шт;3500;1
2190-подл;Подлокотник 2190;;шт;3500;0
КОМПЛ-393;Подогрев сидений 2113-2115, 1118 штатный (+кнопка,пров);;кт;4500;1
2170-подогрев;Подогрев сидений 2170-2172 штатный;;кт;6500;1
54416835r;Подрамник пер подвески Ларгус;;шт;50000;0
2101-3717000;Подсветка номера 2101-011 Рекардо;;шт;400;3
2110-3717010;Подсветка номера 2110 Рекардо с прокладкой инд.уп.;;шт;200;0
2170-3717010-00;Подсветка номера 2170;;шт;400;2
2170-8233020-10;Подушка безопастности 2170 пассажирская;;шт;12000;0
2172-8232010-00;Подушка безопастности 2172 водительская руль ст/об;;шт;25000;0
2170-8232010-00;Подушка безопастности 2172 водительский руль н/об;;шт;22000;0
21910-8232010-00;Подушка безопастности 2190 водительский руль;;шт;10000;1
2190-8233020-00;Подушка безопастности 2190 пассажирская;;шт;18000;0
2192-8232010-00;Подушка безопастности 2192 водительский руль;;шт;15000;0
2103-3712010-11;Подфарник 2103 хром;;кт;1200;0
2106-3712010-11;Подфарник 2106 н/об;;кт;1000;2
21214-3712010-12;Подфарник 213 н/об белый;;кт;5000;0
21214-3712010-10;Подфарник 213 н/об желтый;;кт;5000;1
2108-5607010-08;Полка багажника 2108;;шт;1800;0
2108-5607010-08спл;Полка багажника 2108 сплошная;;шт;2200;1
21099-5607010;Полка багажника 21099;;шт;1800;0
2112-56070010-;Полка багажника 2112;;шт;2000;1
21213-5607010;Полка багажника 21213;;шт;2200;1
21213-5607073;Полкодержатель 21213 левый;;шт;1500;2
21213-5607072;Полкодержатель 21213 правый;;шт;1500;2
2103-5301230;Поперечина нижняя 2103 НЧ;;шт;1000;1
1118-8401076-99;Поперечина рамки радиатора 1118 нижняя  АвтоВаз;;шт;10000;1
2105-8401060-10;Поперечина рамки радиатора 2105 верхняя АвтоВаз;;шт;900;1
2108-8401060-00;Поперечина рамки радиатора 2108 верхняя АвтоВаз;;шт;1200;1
2108-8401060;Поперечина рамки радиатора 2108 верхняя Нч;;шт;1000;0
2110-8401060;Поперечина рамки радиатора 2110 верхняя Нч;;шт;1000;1
2190-8401060-00;Поперечина рамки радиатора 2190 верхняя АвтоВаз;;шт;4000;1
2101-5401065-10;Порог 2101 левый;;шт;1200;4
2101-5401064-10;Порог 2101 правый;;шт;1200;4
2106-8415120/21;Порог 2101-2107 пластиковый;;кт;3000;2
2107-5109079;Порог 2107 салона пластиковый задний лев;;шт;200;5
2107-5109078;Порог 2107 салона пластиковый задний пр;;шт;200;5
2107-5109077;Порог 2107 салона пластиковый передний лев;;шт;400;5
2107-5109076;Порог 2107 салона пластиковый передний пр;;шт;400;5
2108-5109077-01;Порог 2108 салона пластиковый лев;;шт;400;2
2108-5109076-01;Порог 2108 салона пластиковый пр;;шт;400;2
2109-5401065-10;Порог 2109 НЧ левый;;шт;1800;2
2109-5401064-10;Порог 2109 НЧ правый;;шт;1800;2
2109-8415120/21-д;Порог 2109 пластиковый;;кт;3500;1
2109-5109079;Порог 2109 салона пластиковый задний лев;;шт;100;2
2109-5109078;Порог 2109 салона пластиковый задний пр;;шт;100;2
2109-5109077;Порог 2109 салона пластиковый передний лев;;шт;200;2
2109-5109076;Порог 2109 салона пластиковый передний пр;;шт;200;2
2110-5401067-82;Порог 2110 АвтоВаз левый;;шт;2000;1
2110-5401066-82;Порог 2110 АвтоВаз пр.;;шт;2000;1
2114-8415143-02;Порог 2115 штатный задний левый;;шт;650;2
2114-8415142-02;Порог 2115 штатный задний правый;;шт;650;2
2114-8415123-02;Порог 2115 штатный передний левый;;шт;650;2
2114-8415122-02;Порог 2115 штатный передний правый;;шт;650;2
2121-5109079;Порог 2121 салона задний левый;;шт;200;3
2121-5109078;Порог 2121 салона задний правый;;шт;200;3
2121-5109077;Порог 2121 салона передний левый;;шт;200;3
2121-5109076;Порог 2121 салона передний правый;;шт;200;3
2170-5109079;Порог 2170 салона пластиковый задний левый;;шт;500;2
2170-5109078;Порог 2170 салона пластиковый задний правый;;шт;500;2
2170-5109077;Порог 2170 салона пластиковый передний левый;;шт;800;2
2170-5109076;Порог 2170 салона пластиковый передний правый;;шт;800;2
2110-8202011-10;Поручень 2110-2112, 2170-2172, 2190-2192 левый;;шт;700;0
2110-8202010-10;Поручень 2110-2112, 2170-2172, 2190-2192 правый;;шт;700;0
2110-5702012-10;Потолок 2110;;шт;10000;0
2115-провод;Проводка противотуманных фар 2115;;кт;1800;2
2170-ЕВРОт;Проводка противотуманных фар 2170;;кт;3000;1
2190-проводка;Проводка противотуманных фар 2190;;кт;3000;1
пр_ном2109;Прокладка номера 2108-21099 красная;;шт;600;2
2108-2109_чер;Прокладка номера 2108-21099 черная;;шт;600;0
2108-2914030-87;Проставка задней балки 2110, 2170, 2108, 2113 АвтоВаз СПОРТ;;шт;1500;1
2104-6305150;Птичка двери задка 2102, 2104, 2121;;шт;600;0
2108-2802023-00;Пыльник ДВС 2108 левый;;шт;800;1
2108-2802022-00;Пыльник ДВС 2108 правый;;шт;800;1
2110-2802020-01;Пыльник ДВС 2110;;шт;2800;0
2121-2802021-00;Пыльник ДВС 2121 левый;;шт;600;2
2121-2802022-00;Пыльник ДВС 2121 правый;;шт;600;2
2190-2802023-00;Пыльник ДВС 2190 левый;;шт;600;1
2190-2802022-00;Пыльник ДВС 2190 правый;;шт;600;1
2108-00012;Разъем проводки 2108 заднего фонаря;;шт;300;6
2105-5201012;Рама ветрового окна 2105 АвтоВаз;;шт;4000;0
2103-5201012;Рама ветрового окна 2106 АвтоВаз;;шт;4000;0
2121-5201012;Рама ветрового окна 2121 АвтоВаз;;шт;9000;0
2113-2803196;Рамка противотуманки 015 отдельно внеш пр;;шт;200;3
2113-2803197;Рамка противотуманки 015 отдельно внешн лев;;шт;200;3
2113-2803203-00;Рамка противотуманки 015 отдельно внутр лев;;шт;200;3
2113-2803202-00;Рамка противотуманки 015 отдельно внутр пр;;шт;200;3
21704-2803196/97;Рамка противотуманки 21704;;кт;2000;2
2191-2803197-00;Рамка противотуманки 2191 левая;;шт;800;1
2191-2803196-00;Рамка противотуманки 2191 правая;;шт;800;1
2192-2803197-00;Рамка противотуманки 2192 левая;;шт;500;0
2192-2803196-00;Рамка противотуманки 2192 правая;;шт;500;0
8450000253;Рамка противотуманки Ларгус Рено левая;;шт;1200;1
8450000252;Рамка противотуманки Ларгус Рено правая;;шт;1200;1
1118-8401050-00;Рамка радиатора 1118 АвтоВаз в сборе;;шт;8000;0
2105-8401050;Рамка радиатора 2105 Начало;;шт;4000;1
2107-8401050-00;Рамка радиатора 2107 Начало;;шт;4000;2
2108-8401050в с/б ВАЗ;Рамка радиатора 2108 в сборе (верх+низ) АвтоВаз;;шт;10000;0
2108-8401050в с/б Начало;Рамка радиатора 2108 в сборе (верх+низ) Начало;;шт;7000;0
2108-8401050Начало;Рамка радиатора 2108 Нч;;шт;3500;2
2110-8401050;Рамка радиатора 2110 НЧ;;шт;8300;1
21213-8401050-00;Рамка радиатора 2121 АвтоВаз в сборе;;шт;10000;1
2123-8401050-30;Рамка радиатора 2123 АвтоВаз;;шт;16000;0
2170-8401050;Рамка радиатора 2170 АвтоВаз;;шт;8500;1
2190-8401050-00;Рамка радиатора 2190 АвтоВаз в сборе;;шт;14000;2
6001551794;Рамка радиатора Ларгус TYG дубликат;;шт;14000;1
2106-371607;Рассеиватель заднего фонаря 2106;;кт;900;2
2107-3716074-00;рассеиватель заднего фонаря 2107 в сб с корпусом;;кт;3400;0
2107-3716075,74-00;Рассеиватель заднего фонаря 2107 голый без корпуса;;кт;1800;2
2108-3716071;Рассеиватель заднего фонаря 2108;;кт;2000;2
2108-3716071-01;Рассеиватель заднего фонаря 2108 тюнинг;;кт;2500;1
1118-5601265-87;Растяжка задних опор стоек 1118-2190 АвтоВАЗ;;шт;4000;0
растяжка-зад;Растяжка задних опор стоек 2108-2110;;шт;3000;1
2110-5601265-87;Растяжка задних опор стоек 2108-2110-2170 АвтоВАЗ;;шт;4000;0
2101-растя;Растяжка лонжеронов 2101;;шт;3000;1
1118-5301265-87;Растяжка нижних рычагов 1118-2190 АвтоВаз СПОРТ;;шт;4000;2
2110-5301265-87;Растяжка нижних рычагов 2108-2110 АвтоВаз СПОРТ;;шт;3500;2
11180-8403770-87;Растяжка опоры стойки 1118-2190 АвтоВаз;;шт;4000;1
2108-8403770-87;Растяжка опоры стойки 2108-2110 8 кл инжектор АвтоВАЗ;;шт;4000;2
растяжка-к;Растяжка опоры стойки 2108-2112 карбюратор;;шт;2700;2
2110-8403770-87;Растяжка опоры стойки 2110 АвтоВаз инжектор 16 кл;;шт;4200;1
11180-8403770-торс;Растяжка опоры стойки 2190 с торсионом для капота;;шт;13000;2
2108-5601260-87;Растяжка усилитель задней балки 2108;;шт;14000;0
2110-5601260-87;Растяжка усилитель задней балки 2110-2170;;шт;14500;0
2105-2803052;Резинка бампера 2105 пер;;шт;1000;0
2121-ремень Безоп;Ремень безопасности 21213 перед;;кт;9500;1
Ремкомплект75Р;Ремкомплект БРТ уплотнитель порогов 2101-07;;кт;2000;0
Ремкомплект74Р;Ремкомплект БРТ уплотнитель порогов 2108, 2121;;кт;1000;0
Ремкомплект77Р;Ремкомплект БРТ уплотнитель порогов 2109, -099, 2115, 2114;;кт;1300;0
2108-р_к_р_д;Ремкомплект ручек двери 2109 с тягами;;кт;300;0
2110-8212653-41;Реснички 2110;;кт;500;2
2114-3716116;Реснички 2115 задние;;кт;800;0
2114-8401113-02;Реснички 2115 левая;;шт;400;5
2114-8401112-02;Реснички 2115 правая;;шт;400;5
РЕС00004;"Реснички на фары ""Azard"" 2170 неокрашенные";;кт;1000;1
РЕС00062;"Реснички на фары ""Аzard"" 2115 неокрашенные";;кт;1000;1
1118-00013;"Реснички на фары ""ДЕЛЬТА"" 1118  ";;кт;1500;0
2105-00014;"Реснички на фары ""ДЕЛЬТА"" 2105    ";;кт;1500;0
2109-00015;"Реснички на фары ""ДЕЛЬТА"" 2109       ";;кт;1500;1
2110-00016-00;"Реснички на фары ""ДЕЛЬТА"" 2110 ";;кт;1500;1
2115-00017;"Реснички на фары ""ДЕЛЬТА"" 2115     ";;кт;1500;1
2123-00018;"Реснички на фары ""ДЕЛЬТА"" 2123           ";;кт;1500;1
2170-00019;"Реснички на фары ""ДЕЛЬТА"" 2170";;кт;1800;1
2190-00020;"Реснички на фары ""ДЕЛЬТА"" 2190";;кт;1800;0
2170-2803057-00;Решетка бампера 2170 без туманок;;шт;2000;1
21704-2803057-00;Решетка бампера 2170 под туманки;;шт;1500;1
21704-2803058-00;Решетка бампера 2170 под туманки защита радиатора нижняя;;шт;3000;1
2191-2803057;Решетка бампера 2191 нижняя;;шт;3000;1
2192-2803057-00;Решетка бампера Калина-2 2192;;шт;3000;0
8450000248;Решетка бампера Ларгус Рено верх;;шт;3500;1
8450000249;Решетка бампера Ларгус Рено низ;;шт;3000;1
2106-8402076/77-Х;Решетка капота 2106 ХРОМ;;кт;600;2
2103-8402077-76;Решетка капота 2106 черная;;кт;200;1
2123-8401015;Решетка облицовки радиатора 2123 г.Сызрань;;шт;1000;0
1118-8401014;Решетка радиатора 1118 Оригинал;;шт;1200;0
21011-8401014;Решетка радиатора 2101, 2102, 21011 черная;;шт;600;0
2105-8401014;Решетка радиатора 2105;;шт;600;1
2105-8401014сетка хром;"Решетка радиатора 2105 ""Сетка"" ХРОМ";;шт;2000;1
2105-8401014сетка;"Решетка радиатора 2105 ""Сетка"" черн";;шт;1500;1
2105-8401014хром;Решетка радиатора 2105 ХРОМ;;шт;1000;1
2106-8401014сетка хром;"Решетка радиатора 2106 ""Сетка"" ХРОМ                                                                 ";;шт;1800;1
2106-8401014сетка черн;"Решетка радиатора 2106 ""Сетка"" черн. ";;шт;1500;1
2106-8401013;Решетка радиатора 2106 пластм.;;шт;800;3
2106-8401014хром;Решетка радиатора 2106 ХРОМ;;шт;1400;1
2107-8401014сетка хром;"Решетка радиатора 2107 ""Сетка"" ХРОМ                     ";;шт;2500;1
2107-8401014сетка черн;"Решетка радиатора 2107 ""Сетка"" черн.                                                                ";;шт;2000;0
2107-8401014хром;решетка радиатора 2107 Хром завод;;шт;1700;4
2107-8401014;Решетка радиатора 2107 черная;;шт;1000;2
21093-8401016-4;Решетка радиатора 2108 зубатка;;шт;600;0
21093-8401016-1;Решетка радиатора 2108 Хром;;шт;1200;1
21093-8401016-3;Решетка радиатора 2108 Хром. зубатка;;шт;2000;1
21093-8401016-5;Решетка радиатора 2108 черная;;шт;500;2
21093-8401016-2;"Решетка радиатора 2109 ""Сетка"" Завод                                                                ";;шт;1200;0
21093-8401016;"Решетка радиатора 2109 ""Сетка"" ХРОМ станд. ";;шт;2300;1
21093-8401016-02;"Решетка радиатора 2109 ""Сетка"" черн. зубатка                                    ";;шт;1500;1
2110-8401014-с;"Решетка радиатора 2110 ""Сетка""                                                                      ";;шт;1500;0
2110-8401014-00;Решетка радиатора 2110 Оригинал;;шт;1200;0
2114-8401014;"Решетка радиатора 2114-2115 ""Сетка""                                                                 ";;шт;1500;0
2114-8401032-00;Решетка радиатора 2114-2115 отдельно внутр;;шт;500;2
2114-8401014-02;Решетка радиатора 2114-2115 отдельно наружн;;шт;1000;2
2121-8401014-50;решетка радиатора 21213 завод;;шт;1500;5
2123-8401014-02;Решетка радиатора 2123 г.Сызрань;;шт;3000;0
2170-2803056;Решетка радиатора 2170;;шт;2000;0
21704-2803056;Решетка радиатора 21704 н/об;;шт;2500;2
21704-2803056-10;Решетка радиатора 21704 н/об 2013 год улий-соты;;шт;3000;0
21704-2803056-00;Решетка радиатора 21704 Хром широкий;;шт;12000;0
2190-2803056-00;Решетка радиатора 2190;;шт;2500;2
2192-2803056-00;Решетка радиатора Калина-2 2192;;шт;3000;0
2101-6101080-00;Ролик стеклоподъемника 2101;;шт;100;2
2101-6201035-00;Ролик стеклоподъемника 2101 низ;;шт;100;2
2105-6101250-00;Ролик стеклоподъемника 2105 с кронштейном;;шт;200;2
1118-6814232;Ромашка сидения в сб. (метал. вставка) 1118, 2190;;шт;300;4
2108-6814234-КОМП;Ромашка сидения в сб. (метал. вставка) 2шт;;кт;300;1
2108-6814234;Ромашка сидения Оригинал;;шт;100;1
2101-3402015;Руль 2101 Вираж Гранд Спорт;;шт;4500;1
2101-3402015вгэ;Руль 2101 Вираж Гранд Экстра;;шт;4000;1
2101-3402015-л;руль 2101 Вираж Люкс;;шт;4500;1
2101-3402015-м;руль 2101 Вираж М;;шт;4000;0
2101-3402015-с;Руль 2101 Вираж Спринт;;шт;4500;0
2108-3402015;руль 2108 Вираж Гранд Экстра;;шт;4000;1
2108-3402012;руль 2108 Спринт Люкс;;шт;4500;0
2110-3402010;руль 2110;;шт;5200;0
2110-3402012;руль 2110 Вираж Люкс;;шт;4500;1
2110-3402012-м;Руль 2110 Вираж М;;шт;4000;1
21213-3402010;руль 213;;шт;4700;0
2105-6105151;Ручка двери 2104, 2105, 2107 левая Грант Риал;;шт;700;0
2105-6105151хр;Ручка двери 2104, 2105, 2107 левая хром Гранд Риал;;шт;700;1
2105-6105150;Ручка двери 2104, 2105, 2107 правая Гранд Риал;;шт;700;0
2105-6105150хр;Ручка двери 2104, 2105, 2107 правая хром Гранд Риал;;шт;700;1
21213-6305150;Ручка двери 21213 задка ДААЗ;;шт;900;2
2172-6105151-00;Ручка двери 2172 наружная лев ДААЗ;;шт;4700;0
2172-6105150-00;Ручка двери 2172 наружная пр ДААЗ;;шт;4700;1
6001549493;Ручка двери Ларгус Логем наружная лев;;шт;3000;1
6001549492;Ручка двери Ларгус Логем наружная пр Francecar;;шт;2000;1
2101-6205151-01;Ручка задняя 2101 лев в уп. Рекардо;;шт;900;1
2101-6205150-01;Ручка задняя 2101 пр в уп. Рекардо;;шт;900;1
2109-6205137-51;Ручка задняя 2109 Рекардо лев;;шт;800;1
2109-6205136;Ручка задняя 2109 Рекардо пр;;шт;800;2
КПП00124;Ручка КПП Азарт винил красная 2170;;шт;1200;1
КПП00038;Ручка КПП Азарт винил красный 2101-2107;;шт;1000;1
КПП00047;Ручка КПП Азарт винил красный 2108-21099;;шт;1200;1
КПП00030;Ручка КПП Азарт винил красный 2113-2115;;шт;1200;1
КПП00161;Ручка КПП Азарт винил красный Калина;;шт;1500;0
КПП00041;Ручка КПП Азарт винил серебро 2101-2107;;шт;1000;1
КПП00050;Ручка КПП Азарт винил серебро 2108-21099;;шт;1200;1
КПП00033;Ручка КПП Азарт винил серебро 2113-2115;;шт;1200;1
КПП00048;Ручка КПП Азарт винил серый 2108-21099;;шт;1200;1
КПП00031;Ручка КПП Азарт винил серый 2113-2115;;шт;1200;1
КПП00163;Ручка КПП Азарт винил серый Калина;;шт;1500;1
КПП00040;Ручка КПП Азарт винил синий 2101-2107;;шт;1000;1
КПП00049;Ручка КПП Азарт винил синий 2108-21099;;шт;1200;1
КПП00126;Ручка КПП Азарт винил синий 2170;;шт;1200;1
КПП00042;Ручка КПП Азарт винил черный 2101-2107;;шт;1000;1
КПП00051;Ручка КПП Азарт винил черный 2108-21099;;шт;1200;1
КПП00026;Ручка КПП Азарт винил черный 2110-2112;;шт;1200;1
КПП00034;Ручка КПП Азарт винил черный 2113-2115;;шт;1200;1
КПП00127;Ручка КПП Азарт винил черный 2170;;шт;1200;1
КПП00165;Ручка КПП Азарт винил черный Калина;;шт;1500;1
КПП00085;Ручка КПП Азарт кожа черный 2101-2107;;шт;1000;1
КПП00094;Ручка КПП Азарт кожа черный 2108-21099;;шт;1200;1
КПП00076;Ручка КПП Азарт кожа черный 2113-2115;;шт;1200;0
КПП00022;Ручка КПП Азарт рамка винил красный 2110-2112;;шт;1200;1
КПП00125;Ручка КПП Азарт рамка винил серый 2170;;шт;1200;1
2108-6814280;Ручка откид. пер. сид. 2108 2113 2121 пластик;;шт;100;2
2105-8406132-00;Ручка открывания капота 2105 АвтоВаз (салон);;шт;500;1
2108-8406132-00;Ручка открывания капота 2108 АвтоВаз (салон);;шт;300;1
2110-8406134-00;Ручка открывания капота 2110 АвтоВаз (салон);;шт;500;1
21213-8406132-00;Ручка открывания капота 21213 АвтоВаз (салон);;шт;500;0
8200274233;Ручка открывания капота Ларгус (салон);;шт;1000;0
2101-6105177;Ручка передняя 2101 ЛЕВАЯ в уп. РЕКАРДО;;шт;900;2
2101-6105176;Ручка передняя 2101 ПРАВАЯ в уп. РЕКАРДО;;шт;900;2
2109-6105177;Ручка передняя 2109 Рекардо лев;;шт;800;1
2109-6105176;Ручка передняя 2109 Рекардо пр;;шт;800;2
21214-6616087-00;Ручка подлокотника 21214 левая;;шт;400;2
21214-6616086-00;Ручка подлокотника 21214 правая;;шт;400;0
РЧН00012;Ручка ручника Азарт кожа красная 2108-21099, 2115;;шт;600;1
РЧН00004;Ручка ручника Азарт кожа красный 2101-2107, 2110-2112;;шт;600;1
РЧН00007;Ручка ручника Азарт кожа серебро 2101-2107, 2110-2112;;шт;600;1
РЧН00008;Ручка ручника Азарт кожа черный 2101-2107, 2110-2112;;шт;600;1
РЧН00016;Ручка ручника Азарт кожа черный 2108-21099, 2115;;шт;600;0
РЧН00015;Ручка ручника Азарт серебро 2108-21099, 2115;;шт;600;1
РЧН00013;Ручка ручника Азарт серый 2108-21099, 2115;;шт;600;1
2105-6104064;Ручка стеклоподъемника 2105 метал;;шт;250;0
2105-6104064-01;Ручка стеклоподъемника 2105 пластик;;шт;150;8
2108-6104064 метал;Ручка стеклоподъемника 2108 метал;;шт;250;0
2108-6104064;Ручка стеклоподъемника 2108 пластик;;шт;150;10
1118-6105176;Ручки в сборе 1118-2190-2192 ТюнАвто ЕВРО неокраш;;кт;3500;0
2101-6205136;Ручки в сборе 2106 Рекардо;;кт;2400;0
ЕВРО-2107;Ручки в сборе 2107 ЕВРО Китай;;кт;2000;3
ЕВРО-2109;Ручки в сборе 2109 ЕВРО Бадин;;кт;6000;5
2108-15евро кит;Ручки в сборе 2109 ЕВРО Китай;;кт;2000;3
2108-15кит;Ручки в сборе 2109 Китай без багажника л+пр;;кт;1200;6
2109-6105176-001;Ручки в сборе 2109 Рекардо;;кт;3200;0
2109-6105176;Ручки в сборе 2109-2115 ТюнАвто ЕВРО бел;;кт;6000;1
2109-6105176-сер;Ручки в сборе 2109-2115 ТюнАвто ЕВРО серебро;;кт;6000;1
2109-6105176-черн;Ручки в сборе 2109-2115 ТюнАвто ЕВРО черн;;кт;6000;1
21099-6105176;Ручки в сборе 21099 Рекардо;;кт;3200;0
ЕВРО-21213;Ручки в сборе 21213 ЕВРО;;кт;3000;0
21213-6105176-бел;Ручки в сборе 21213 ТюнАвто ЕВРО бел;;кт;3000;1
21213-6105176;Ручки в сборе 21213 ТюнАвто ЕВРО неокраш;;кт;3000;4
2170-6105176-ЕВРО;Ручки в сборе 2170 ЕВРО;;кт;7500;0
21213-610040;Ручки передние в сборе 21213;;кт;4000;0
2109-68100;Сидения 2109-21099-2114-2115;;кт;35000;0
21213-6810;Сидения пер 21213;;кт;45000;0
АКС-545;Сосок для бескамерки;;шт;50;0
1118;Спойлер заднего стекла 1118 Дельта Седан;;шт;2000;0
2101-07;Спойлер заднего стекла 2101-2107 Дельта;;шт;1800;1
АКС-1125;Спойлер заднего стекла 2109 Дельта;;шт;2000;0
21099-2115;Спойлер заднего стекла 21099-2115 Дельта;;шт;2000;1
2110-00022;Спойлер заднего стекла 2110 Дельта;;шт;2000;0
АКС-1127;Спойлер заднего стекла 2121 Дельта;;шт;2000;1
SZS-00010;Спойлер заднего стекла 2123 Дельта;;шт;3200;0
2170-00023;Спойлер заднего стекла 2170 Дельта;;шт;2000;1
2121метал;Спойлер на дверь задка 213 метал;;шт;1300;3
2114-6301162;Спойлер на крышку багажника 2114;;шт;5500;1
2115-6301152;Спойлер на крышку багажника 2115;;шт;5500;0
2110-6301162;Спойлер на крышку багажника 21213 с стоп сигналом;;шт;4000;0
2108 дельта;Спойлер на крышу 2108 Дельта;;шт;1000;1
2110 дельта;Спойлер на крышу 2110 Дельта;;шт;1000;0
ТЮН-130;Стабилизатор задн балки Лады;;шт;5000;0
1118-6203215-05;Стекло ВАЗ 1118 задней двери опусное левое;;шт;2700;1
1118-6203214-05;Стекло ВАЗ 1118 задней двери опусное правое;;шт;2700;1
1118-6103215-05;Стекло ВАЗ 1118 пер двери опускное левое;;шт;2800;1
1118-6103214-05;Стекло ВАЗ 1118 пер двери опускное правое;;шт;2800;2
2109-5403053-20;Стекло ВАЗ 2109 боковина левая;;шт;1000;1
2109-5403052-20;Стекло ВАЗ 2109 боковина правая;;шт;1000;1
2109-6203215;Стекло ВАЗ 2109 задней двери опускное левое;;шт;2000;2
2109-6203214;Стекло ВАЗ 2109 задней двери опускное правое;;шт;2000;2
2109-6103215;Стекло ВАЗ 2109 пер двери опускное левое;;шт;2000;2
2109-6103214;Стекло ВАЗ 2109 пер двери опускное правое;;шт;2000;2
21099-5403053-20;Стекло ВАЗ 21099 боковина левая;;шт;1000;1
21099-5403052-20;Стекло ВАЗ 21099 боковина правая;;шт;1000;1
2110-5403053;Стекло ВАЗ 2110 боковина левая;;шт;1200;1
2110-5403052;Стекло ВАЗ 2110 боковина правая;;шт;1200;1
2110-6203211-05;Стекло ВАЗ 2110 задней двери опускное левое;;шт;2000;1
2110-6203210-05;Стекло ВАЗ 2110 задней двери опускное правое;;шт;2000;1
2110-6103211-00;Стекло ВАЗ 2110 пер двери опускное левое;;шт;2000;2
2110-6103210-00;Стекло ВАЗ 2110 пер двери опускное правое;;шт;2000;2
2121-5403052-20;Стекло ВАЗ 2121 боковина лев/пр;;шт;2000;2
2121-6103214;Стекло ВАЗ 2121 пер двери опускное;;шт;2000;2
21213-6103210;Стекло ВАЗ 21213 пер двери опускное;;шт;2000;2
2170-5403043-05;Стекло ВАЗ 2170 боковина левая;;шт;1500;1
2170-5403042-05;Стекло ВАЗ 2170 боковина правая;;шт;1500;1
2171-5403043-05;Стекло ВАЗ 2171 боковина левая;;шт;3500;1
2171-5403042-05;Стекло ВАЗ 2171 боковина правая;;шт;3500;1
2172-5403043-05;Стекло ВАЗ 2172 боковина левая;;шт;2000;1
2172-5403042-05;Стекло ВАЗ 2172 боковина правая;;шт;2000;1
2190-5403043-05;Стекло ВАЗ 2190 боковина левая;;шт;1500;1
2190-5403042-05;Стекло ВАЗ 2190 боковина правая;;шт;1500;1
2194-5403043-05;Стекло ВАЗ 2194 боковина левая;;шт;3500;0
2194-5403042-05;Стекло ВАЗ 2194 боковина правая;;шт;3500;0
8200396082;Стекло ВАЗ Ларгус боковина лев без отверст неподвижная;;шт;4000;1
8200396109;Стекло ВАЗ Ларгус боковина лев с отверст подвижная;;шт;4500;1
8200396081;Стекло ВАЗ Ларгус боковина пр без отверст неподвижная;;шт;4000;1
8200396108;Стекло ВАЗ Ларгус боковина пр с отверст подвижная;;шт;4500;1
8200396118;Стекло ВАЗ Ларгус задней двери багажника пр;;шт;3500;0
8200396075;Стекло ВАЗ Ларгус задней двери опускное левое;;шт;9000;1
8200396073;Стекло ВАЗ Ларгус задней двери опускное правое;;шт;9000;1
8200211928;Стекло ВАЗ Ларгус пер двери опускное левое;;шт;7500;1
8200211927;Стекло ВАЗ Ларгус пер двери опускное правое;;шт;7500;0
2170-8201231;Стекло зеркала 2170 лев н/об с обогревом;;шт;1800;2
2170-8201232;Стекло зеркала 2170 пр н/об с обогревом;;шт;1800;2
1118-8201217;Стекло зеркала 2190, Калина-2 левое белое;;шт;800;0
1118.229-10/31;Стекло зеркала 2190, Калина-2 левое с обогревом;;шт;1500;2
1118-8201216;стекло зеркала 2190, Калина-2 правое белое;;шт;800;2
1118.228-10/30;Стекло зеркала 2190, Калина-2 правое с обогревом;;шт;1500;2
6001549717;Стекло зеркала Ларгус лев без обогрева;;шт;2300;2
6001549717об;Стекло зеркала Ларгус лев с обогревом Francecar;;шт;2800;2
6001549716;Стекло зеркала Ларгус пр без обогрева;;шт;2300;2
6001549716об;Стекло зеркала Ларгус пр с обогревом;;шт;2800;2
2108-0192046;Стекло поворотника /белое/ 2108;;кт;300;0
рассеив-левый;Стекло поворотника /белое/ 2110 BOSCH левое;;шт;400;0
рассеив-правый;Стекло поворотника /белое/ 2110 BOSCH правое;;шт;400;0
2110-повКиржачЛев;Стекло поворотника /белое/ 2110 Киржач левое;;шт;400;1
2110-повКиржачПр;Стекло поворотника /белое/ 2110 Киржач правое;;шт;400;0
2103-37120;Стекло подфарника 2103 желт.;;кт;300;5
2105-3711201;Стекло фары 2105 левое КИРЖАЧ;;шт;800;0
2105-3711202;Стекло фары 2105 правое КИРЖАЧ;;шт;800;0
2106-3711201-01;Стекло фары 2106 ближнего света;;шт;200;2
2106-3711201;Стекло фары 2106 дальнего света;;шт;200;2
2108-3711201;Стекло фары 2108 левое КИРЖАЧ;;шт;800;2
2108-3711202;Стекло фары 2108 правое КИРЖАЧ;;шт;800;2
2110-3711201_л;Стекло фары 2110 BOSCH (левое);;шт;1200;2
2110-3711201_п;Стекло фары 2110 BOSCH (правое);;шт;1200;2
2110-3711201-лл;Стекло фары 2110 РОССИЯ левое;;шт;1200;1
2110-3711201-лпр;Стекло фары 2110 РОССИЯ правое;;шт;1200;1
2113-3711201-BOSC;Стекло фары 2115 BOSCH (левое) 756 671 009;;шт;1200;2
2113-3711202-BOSC;Стекло фары 2115 BOSCH (правое) 756 671 010;;шт;1200;2
1-305 615 436;Стекло фары 2123 БОШ лев н/об;;шт;5500;0
1-305 615 436-064;Стекло фары 2123 БОШ пр н/об;;шт;5500;0
2170-3711202;Стекло фары 2170 лев БОШ пластик;;шт;2500;0
2170-3711204;Стекло фары 2170 пр БОШ пластик;;шт;2500;1
2190-3711202;Стекло фары 2190  пр пластик;;шт;3500;1
2190-3711201;Стекло фары 2190 лев пластик;;шт;3500;1
тон-313 верх зав;Тоннель 213 верх в сборе завод;;шт;2000;2
тон-213 зав;Тоннель 213 завод;;шт;1500;0
тон-213 тюн;Тоннель 213 тюнинг;;шт;12000;0
2107-5325010;Торпеда 2107 голая;;шт;15000;1
21213-5325010;Торпеда 21213 в сборе;;шт;55000;0
21213-5325012-10;Торпеда 21213 голая;;шт;20000;1
21213-5325012-11;Торпеда 21213 голая деш;;шт;11000;0
2101-5208009;Тройник омывателя 2101-2108;;шт;20;2
2101-5208106;Трубка омывателя 2101-2108;;шт;150;1
2170-5208090-00;Трубка омывателя 2170;;шт;200;1
2190-5208090-00;Трубка омывателя 2190;;шт;200;1
2106-104014-06;Уголок молдинга (4 шт.);;кт;200;1
2101-8212232;Удочка 2101-2107;;шт;500;2
21213-8212232;Удочка 2104-21213;;шт;600;4
2108-8212232;Удочка 2108-2109;;шт;400;2
2110-8212232;Удочка 2110-2111;;кт;1800;0
уплотнитель-арок;Уплотнитель для надкрылков;;м;100;7
2108-5403122-01Р;Уплотнитель окна боковины 2108 Балаково;;кт;5000;0
2109-5403122-10Р;Уплотнитель окна боковины 2109 Балаково;;кт;3200;0
21099-5403123-01Р;Уплотнитель окна боковины 21099 Балаково;;кт;3200;0
2170-5403124-00;Уплотнитель окна боковины 2170 правый;;шт;700;1
2170-8407120-00;Упор капота АвтоВаз 2170;;шт;500;2
2190-8407122-00;Упор капота АвтоВаз 2190;;шт;400;2
2107-8407026-10;Упор капота АвтоВаз-2107;;шт;400;2
2108-8407122;Упор капота АвтоВаз-2108;;шт;400;2
21213-8407122;Упор капота АвтоВаз-21213;;шт;400;2
2105-5101184;Усилитель панели задка 2105 Ваз;;шт;800;0
2101-5401100;Усилитель порога 2101-2107;;шт;1000;0
2101-5101068;Усилитель-соединитель порога 2101-2107;;шт;1000;0
2101-ут-завод;Утеплитель радиатора 2101,2121;;шт;500;1
2105-ут-завод;Утеплитель радиатора 2105;;шт;500;1
2106-ут-завод;Утеплитель радиатора 2106;;шт;500;1
2107-ут-завод;Утеплитель радиатора 2107;;шт;500;0
2103-3711206-01-06;Фара 2106 ближний свет без горшка 79;;шт;1000;2
2103-3711028-10;Фара 2106 ближний свет в сборе Освар;;шт;2800;2
2103-3711206-01;Фара 2106 дальний свет без горшка 75;;шт;1000;2
2103-3711022-10;Фара 2106 дальний свет в сборе Освар;;шт;2800;2
2105-3711011б;Фара 2107 лев Автосвет белая;;шт;3500;1
2105-3711011-03;Фара 2107 левая Автосвет;;шт;3000;2
2105-3711010б;Фара 2107 пр Автосвет белая;;шт;3500;1
2105-3711010-03;Фара 2107 правая Автосвет;;шт;3000;1
2105-3711010-03кит;Фара 2107 правая Китай;;шт;2800;0
2108-3711011-00;Фара 2108 левая Автосвет;;шт;3000;2
2108-3711010-00;Фара 2108 правая Автосвет;;шт;3000;2
2110-3711011BOSCH;Фара 2110 левая BOSCH;;шт;6000;1
2110-3711011-01;Фара 2110 левая Россия;;шт;6000;0
2110-3711010BOSCH;Фара 2110 правая BOSCH;;шт;6000;1
2110-3711010-02;Фара 2110 правая Россия;;шт;6000;0
2110-3711010турк;Фара 2110 правая Турция;;шт;4000;0
2114-3711011БОШ;Фара 2115 левая БОШ;;шт;8000;1
2114-3711011-30Кирж;Фара 2115 левая Киржач;;шт;6500;1
2114-3711011-00;Фара 2115 левая Россия;;шт;6000;2
2114-3711010БОШ;Фара 2115 правая БОШ;;шт;8000;1
2112-3711010-30Кирж;Фара 2115 правая Киржач;;шт;7500;0
2114-3711010-00;Фара 2115 правая Россия;;шт;6000;2
2121-3711010-10;Фара 2121 в сборе Киржач;;шт;2700;0
21212-3711510;Фара 21213 без горшка;;шт;1000;5
21213-3711010-00;Фара 21213 в сборе под гидрокорректор Освар;;шт;3700;5
2123-3711011-00;Фара 2123 н/об лев;;шт;20000;1
2123-3711010-00;Фара 2123 н/об пр;;шт;20000;0
2123-3711011-00ст/об;Фара 2123 ст/об лев;;шт;20000;0
2123-3711010-00ст/об;Фара 2123 ст/об пр;;шт;20000;0
2170-3711011-00;Фара 2170 БОШ лев;;шт;16000;1
2170-3711010-00;Фара 2170 БОШ пр;;шт;16000;1
2170-3711011-01;Фара 2170 БОШ-2 лев;;шт;18000;1
2170-3711010-01;Фара 2170 БОШ-2 пр;;шт;18000;1
2170-3711011-41;Фара 2170 левая Автосвет;;шт;12000;1
2170-3711010-41;Фара 2170 правая Автосвет;;шт;12000;1
2190-3711011-00т;Фара 2190 лев Турция;;шт;12000;1
2190-3711011-00;Фара 2190 левая Киржач;;шт;25000;0
2190-3711010-00т;Фара 2190 пр Турция;;шт;12000;1
2190-3711010-00;Фара 2190 правая Киржач;;шт;25000;1
2192-3711011-00;Фара Калина-2 2192 левая Киржач;;шт;23000;1
2192-3711010-00;Фара Калина-2 2192 правая Киржач;;шт;23000;1
8200744753-00;Фара Ларгус левая ДЕПО;;шт;14000;1
8200744753;Фара Ларгус левая Рено Групп;;шт;20000;1
8200744754-00;Фара Ларгус правая ДЕПО;;шт;14000;1
8200744754;Фара Ларгус правая Рено Групп;;шт;20000;0
2115-3743010-ОАЭ;Фара противотуманная 2115 импорт;;кт;2000;5
2110-3743010-01;Фара противотуманная 2115 КИРЖАЧ уп Лада-Имидж;;кт;4000;2
2190-3743011-00;Фара противотуманная 2190;;кт;9000;0
2190-3743011-00К;Фара противотуманная 2190 Китай;;кт;5000;0
2170-3743011-00;Фара противотуманная Приора;;кт;7500;1
2170-3743011/10;Фара противотуманная Приора набор для подключения;;кт;11000;1
2170-3743011-прям;Фара противотуманная Приора прямоугольные;;кт;7000;2
21213-6305064;Фиксатор замка багажника 21213 АвтоВаз;;шт;400;2
8200864612/10;Фонарь дополнительный Ларгус;;кт;13000;0
2104-3716011-00;Фонарь задний 2104 ДААЗ в сборе левый;;шт;3500;2
2104-3716010-00;Фонарь задний 2104 ДААЗ в сборе правый;;шт;3500;2
2104-3716031-00;фонарь задний 2104 ДААЗ голый левый (корпус);;шт;2500;2
2104-3716030-00;фонарь задний 2104 ДААЗ голый правый (корпус);;шт;2500;2
2106-3716011;Фонарь задний 2106 (пласт.корпус) левый;;шт;1500;0
2106-3716012;Фонарь задний 2106 (пласт.корпус) правый;;шт;1500;0
2106-3716012;Фонарь задний 2106 Китай;;кт;1500;0
2107-3716011-00;Фонарь задний 2107 ДААЗ в сборе левый;;шт;3300;1
2107-3716010-00;Фонарь задний 2107 ДААЗ в сборе правый;;шт;3300;1
2108-3716021;Фонарь задний 2108 Автосвет гол левый;;шт;1500;0
2108-3716020;Фонарь задний 2108 Автосвет гол правый;;шт;1500;0
2108-3716021тюн;Фонарь задний 2108 Тюнинг в сборе;;кт;6000;2
2110-3716011-50;Фонарь задний 2110 лев;;шт;2000;0
2110-3716010-50;Фонарь задний 2110 пр;;шт;2000;0
2114-3716011;Фонарь задний 2115 ДААЗ в сборе левый угловой;;шт;5000;1
2114-3716110-00;Фонарь задний 2115 ДААЗ в сборе правый угловой;;шт;5000;1
2114-3716027-00;Фонарь задний 2115 ДААЗ гол лев угловой;;шт;4000;0
2114-3716026-00;Фонарь задний 2115 ДААЗ гол пр угловой;;шт;4000;1
21213-3716011-00;Фонарь задний 21213 ДААЗ в сборе левый;;шт;3000;2
21213-3716010-00;Фонарь задний 21213 ДААЗ в сборе правый;;шт;3000;2
21213-3716011;фонарь задний 21213 ДААЗ голый левый;;шт;2500;2
21213-3716010;фонарь задний 21213 ДААЗ голый правый;;шт;2500;2
21700-3716011-10;Фонарь задний 2170-2172 в сборе 2013 год диоды левый;;шт;8000;2
21700-3716010-10;Фонарь задний 2170-2172 в сборе 2013 год диоды правый;;шт;8000;1
2170-3716011-00;Фонарь задний 2170-2172 в сборе лев;;шт;6000;0
2170-3716010-00;Фонарь задний 2170-2172 в сборе пр;;шт;6000;1
2170-3716011-00кит;Фонарь задний 2170-2172 в сборе Приора-2 левый КИТАЙ;;шт;7000;1
2170-3716010-00кит;Фонарь задний 2170-2172 в сборе Приора-2 правый КИТАЙ;;шт;7000;1
21700-371601011чб;Фонарь задний 2170-2172 в сборе тюнинг бело-черный диоды;;кт;16000;0
21700-371601011инф;Фонарь задний 2170-2172 в сборе тюнинг инфинити красный диоды;;кт;16000;0
2171-3716011-00;Фонарь задний 2171 в сборе лев;;шт;7500;1
2171-3716010-00;Фонарь задний 2171 в сборе пр;;шт;7500;1
2190-3716011-00;Фонарь задний 2190 в сборе лев;;шт;6000;2
2190-3716010-00;Фонарь задний 2190 в сборе пр;;шт;6000;2
2190-3716021-00;Фонарь задний 2190 ТюнАвто диодный;;кт;14000;0
2191-3716011-00;Фонарь задний 2191 в сборе левый Лифт бэк;;шт;7000;1
2191-3716010-00;Фонарь задний 2191 в сборе правый Лифт бэк;;шт;7000;0
2192-3716011-00;Фонарь задний 2192 в сборе лев;;шт;7300;1
2192-3716010-00;Фонарь задний 2192 в сборе пр;;шт;7300;1
2194-3716011-00;Фонарь задний 2194 в сборе лев;;шт;6000;1
2194-3716010-00;Фонарь задний 2194 в сборе пр;;шт;6000;1
8200864612м;Фонарь задний Ларгус Марс лев;;шт;8500;1
8200864610м;Фонарь задний Ларгус Марс пр;;шт;8500;1
8200864612;Фонарь задний Ларгус Рено лев;;шт;11500;0
8200864610;Фонарь задний Ларгус Рено пр;;шт;11500;0
ТС-03092121;Фортачки 21213 раздвижные;;кт;22000;1
2107-3804010-02;Часы 07 с подсветкой;;шт;1300;0
2105-6201015-00;Шуба задняя левая 2105 АвтоВаз;;шт;1500;0
2105-6201014-00;Шуба задняя правая 2105 АвтоВаз;;шт;1500;0
2121-19911909;Шуба правая 2121 АвтоВаз;;шт;1500;0
ДМЗ0036-21213;Электростеклоподъемник 21213 реечный;;кт;13000;1
21213-0021;Электростеклоподъемник 21213 тросик;;кт;11000;0
2111-8212174;"Эмблема  КРЫШ.БАГАЖ.""1.5 GTЕ"" ВАЗ-2111";;шт;200;2
21102-8212174;"Эмблема  КРЫШ.БАГАЖ.""1.5i"" ВАЗ-2110  ";;шт;200;2
21213-8212214;"Эмблема  КРЫШ.БАГАЖ.""1.7"" ВАЗ-21213      ";;шт;200;1
21214-8212214;"Эмблема  КРЫШ.БАГАЖ.""1.7i"" ВАЗ-21214 ";;шт;200;2
8450000703;"Эмблема ""LARGUS""";;шт;1300;1
8450000268;"Эмблема ""LARGUS"" деш";;шт;800;1
2107-8212174-40;Эмблема заднего крыла 1500 Ваз 2107;;шт;100;0
21213-3402070;Эмблема кнопки руля 21213;;шт;200;4
21213-8212104-10;Эмблема крыш. багаж. Лада, Нива 4х4;;шт;200;2
8450000269;Эмблема на лев задн дв Ларгус Renault;;шт;600;1
 ; ; ; ; ; 
